RegionID,SizeRank,RegionName,RegionType,StateName,2018-01-31,2018-02-28,2018-03-31,2018-04-30,2018-05-31,2018-06-30,2018-07-31,2018-08-31,2018-09-30,2018-10-31,2018-11-30,2018-12-31,2019-01-31,2019-02-28,2019-03-31,2019-04-30,2019-05-31,2019-06-30,2019-07-31,2019-08-31,2019-09-30,2019-10-31,2019-11-30,2019-12-31,2020-01-31,2020-02-29,2020-03-31,2020-04-30,2020-05-31,2020-06-30,2020-07-31,2020-08-31,2020-09-30,2020-10-31,2020-11-30,2020-12-31,2021-01-31,2021-02-28,2021-03-31,2021-04-30,2021-05-31,2021-06-30,2021-07-31,2021-08-31,2021-09-30,2021-10-31,2021-11-30,2021-12-31,2022-01-31,2022-02-28,2022-03-31,2022-04-30,2022-05-31,2022-06-30,2022-07-31,2022-08-31,2022-09-30,2022-10-31,2022-11-30,2022-12-31,2023-01-31,2023-02-28,2023-03-31,2023-04-30,2023-05-31,2023-06-30,2023-07-31,2023-08-31,2023-09-30,2023-10-31,2023-11-30,2023-12-31,2024-01-31,2024-02-29,2024-03-31,2024-04-30,2024-05-31,2024-06-30,2024-07-31,2024-08-31,2024-09-30
102001,0,United States,country,,312990.0,314990.0,321900.0,320179.0,328719.0,334463.0,332000.0,335597.0,332000.0,333252.0,339000.0,345000.0,326921.0,329900.0,332055.0,334900.0,340830.5,340000.0,340000.0,339999.5,338890.0,339900.0,340000.0,344565.0,330000.0,333707.0,333748.0,325000.0,320000.0,328500.0,338734.0,342000.0,346314.5,351000.0,349990.0,354412.5,339900.0,346000.0,351056.5,356386.0,361763.0,366500.0,370900.0,378612.5,384275.0,396070.0,398476.0,410471.5,402930.0,407402.5,409623.0,419843.5,424268.0,425900.0,429900.0,430530.0,428646.0,430000.0,430990.0,427652.5,411978.5,410000.0,414900.0,419900.0,421500.0,419000.0,416000.0,419700.0,419480.0,422000.0,417980.0,422559.0,413490.0,412661.5,414500.0,418990.0,416733.5,413311.0,414000.0,420000.0,419900.0
394913,1,"New York, NY",msa,NY,610000.0,672542.5,629900.0,605000.0,620000.0,700000.0,655000.0,655880.5,591250.0,667500.0,634500.0,655000.0,619500.0,590000.0,645288.0,624393.5,675000.0,669900.0,653716.0,675000.0,650000.0,611430.0,676593.5,675000.0,610674.0,595000.0,640000.0,696500.0,649950.0,680000.0,695800.0,690000.0,650000.0,704000.0,695000.0,720000.0,618511.0,683690.0,750000.0,762919.0,799000.0,769000.0,750000.0,750000.0,800000.0,779997.5,750000.0,728000.0,717866.0,735000.0,749900.0,745473.0,745125.0,778299.0,775000.0,887500.0,799995.0,850000.0,915000.0,795890.0,849000.0,805000.0,800000.0,927500.0,899990.0,900000.0,925000.0,947000.0,922706.0,922706.0,980000.0,955000.0,825000.0,870000.0,910000.0,890000.0,1049995.0,1050000.0,1059825.0,1112000.0,1001487.5
753899,2,"Los Angeles, CA",msa,CA,895000.0,793500.0,843000.0,845750.0,915000.0,892250.0,849200.0,910000.0,963000.0,970000.0,838750.0,987500.0,875000.0,870750.0,855000.0,910000.0,951000.0,859500.0,1039950.0,1041500.0,961750.0,1236000.0,1355000.0,968500.0,1194950.0,1154500.0,1249000.0,1002500.0,1012500.0,1084126.5,1331113.0,1240000.0,1127030.0,1160000.0,1160000.0,1125000.0,1405000.0,1072500.0,1282500.0,1285000.0,1317495.0,1360000.0,1325000.0,1299000.0,1290463.0,1204000.0,1240000.0,1305000.0,1395000.0,1245000.0,1345000.0,1675000.0,1525000.0,1740827.0,1595000.0,1500000.0,1565000.0,1380000.0,1350000.0,1078000.0,1272500.0,1188750.0,1381425.5,1355000.0,1250000.0,1300000.0,1326500.0,1586990.0,1599000.0,1350799.0,1207495.0,999990.0,1355000.0,1110000.0,1181500.0,1062490.0,1099995.0,1220000.0,1150000.0,1063000.0,1450000.0
394463,3,"Chicago, IL",msa,IL,341487.0,374980.0,351171.0,360000.0,385000.0,391315.0,362000.0,350171.0,361251.0,342000.0,340060.0,349900.0,339250.0,365000.0,385250.0,425000.0,454750.0,431950.0,450000.0,414815.0,382779.5,429900.0,385000.0,425000.0,409000.0,447995.0,399000.0,453750.0,388000.0,486430.0,419000.0,434000.0,426000.0,405164.0,392931.0,400669.0,425000.0,390500.0,444990.0,474900.0,424772.5,423500.0,475335.0,412467.0,399000.0,451750.0,419002.5,436561.0,409000.0,434500.0,439000.0,449949.0,433825.0,489729.0,478000.0,438000.0,447860.0,455000.0,445000.0,434900.0,424990.0,410250.0,460000.0,474795.0,495745.0,474600.0,454990.0,443990.0,439990.0,445000.0,440000.0,467995.0,450000.0,451180.0,488422.0,504475.0,494445.0,516000.0,500000.0,482500.0,470000.0
394514,4,"Dallas, TX",msa,TX,329000.0,325549.0,323984.0,324535.0,355970.5,358829.0,353491.0,357974.0,347010.0,365990.0,352742.0,348562.0,335000.0,336424.0,332925.0,335000.0,356170.0,360074.0,360000.0,350027.5,351000.0,347656.0,349000.0,354995.0,360000.0,357490.0,339539.5,349000.0,345000.0,341732.0,346264.0,348050.0,341749.0,350000.0,355000.0,344835.0,328990.0,330550.0,338474.0,350880.0,348759.0,351462.0,376961.5,370265.5,371750.0,380000.0,385765.0,399000.0,397900.0,407878.0,412257.5,420000.0,436284.5,464561.0,449218.5,440000.0,431425.5,438155.0,425500.0,431168.5,434650.0,410293.5,424652.0,439453.0,434740.0,435000.0,425900.0,428890.0,435339.0,414800.0,415995.0,423541.5,415000.0,408900.0,414950.0,424990.0,415000.0,405170.0,417990.0,433140.0,449945.0
394692,5,"Houston, TX",msa,TX,285039.0,284517.5,297969.5,295958.0,306500.0,314953.5,315000.0,307682.0,307770.5,303397.0,299900.0,314997.0,309750.0,302692.0,309990.0,314418.0,325970.0,325000.0,325900.0,346703.0,332400.0,317279.5,319997.5,318000.0,291885.0,310000.0,295373.0,299990.0,289999.0,303720.0,305595.0,296000.0,299999.5,300000.0,305000.0,317045.0,297000.0,314235.0,330766.0,320375.0,315306.5,329609.5,327398.0,333425.0,334053.5,333647.5,335000.0,339990.0,345900.0,350000.0,356976.5,359945.0,359230.0,365490.0,367353.0,374995.0,366100.0,360000.0,364990.0,365000.0,339152.5,334695.0,350000.0,353745.0,357785.0,350000.0,353990.0,353440.0,349990.0,347790.0,336990.0,356718.0,343995.0,333640.0,348000.0,350290.0,350000.0,350000.0,358990.0,355000.0,350000.0
395209,6,"Washington, DC",msa,VA,491200.0,470875.0,490000.0,488115.0,475000.0,502045.0,503691.0,530479.0,539674.0,532782.5,487244.5,545999.0,440480.0,437395.0,465360.0,514275.0,518605.0,536745.0,525000.0,542500.0,562282.5,508775.0,549900.0,552990.0,593466.0,553000.0,570000.0,580000.0,570824.0,556142.5,620450.0,587490.0,625511.0,569252.0,559368.0,576905.0,540175.0,599625.0,585302.5,586785.0,584764.0,577545.0,628290.0,619490.0,620000.0,612000.0,606425.0,633490.0,596950.0,591340.0,609500.0,597741.0,595660.0,610985.0,606704.5,588230.0,552990.0,588775.0,577670.0,590669.5,543795.0,585030.5,589250.0,579990.0,599990.0,602760.0,612960.0,603325.0,586900.0,579999.0,600100.0,610000.0,633535.0,605000.0,625000.0,635907.0,640000.0,645270.0,627125.0,634945.0,619990.0
394974,7,"Philadelphia, PA",msa,PA,414375.0,390000.0,400000.0,430000.0,399900.0,420000.0,440000.0,420000.0,400000.0,425275.0,422895.0,390000.0,397087.5,408000.0,411250.0,420000.0,404000.0,424900.0,410000.0,405000.0,397495.0,396500.0,400000.0,419398.0,385000.0,375000.0,404995.0,386125.0,416450.0,401750.0,399000.0,409995.0,415000.0,420000.0,408075.0,415635.0,423450.0,445000.0,429900.0,445569.0,460440.0,484919.0,518830.0,490000.0,489392.5,489884.0,505386.0,519716.0,500000.0,480695.0,499950.0,491983.0,525000.0,555000.0,536995.0,490690.0,529997.5,530000.0,495000.0,523550.0,507140.0,481000.0,532500.0,556359.5,533882.5,550840.0,511600.0,500000.0,536769.0,521210.0,513877.5,538649.0,548678.5,549435.0,563538.0,544990.0,569990.0,565000.0,554950.0,563990.0,580244.5
394856,8,"Miami, FL",msa,FL,423240.0,400000.0,359800.0,359900.0,344990.0,369000.0,357000.0,359500.0,350000.0,345075.0,370000.0,355000.0,325000.0,332500.0,385800.0,410000.0,421700.0,398100.0,439950.0,430000.0,505405.5,458200.0,489314.5,455000.0,455210.0,432246.0,487900.0,427950.0,427645.0,465450.0,499500.0,470800.0,461250.0,489900.0,520000.0,495250.0,465000.0,456000.0,568300.0,452500.0,529000.0,514102.5,522199.5,468527.5,477500.0,495000.0,543314.0,560000.0,556686.0,550838.0,545000.0,600000.0,577000.0,600000.0,529500.0,535000.0,532000.0,551590.0,524082.5,583508.5,650000.0,599641.5,665000.0,728650.0,627500.0,700000.0,676230.0,623350.0,685442.5,735700.0,772245.0,830000.0,816112.5,679990.0,875000.0,904200.0,860000.0,775000.0,782607.5,794985.5,848737.5
394347,9,"Atlanta, GA",msa,GA,252143.0,256345.0,273760.5,268000.0,274400.0,280055.0,269000.0,266752.0,293713.0,299182.0,289500.0,276406.5,266200.0,277573.0,279900.0,287995.0,289731.0,294000.0,302645.0,289900.0,300000.0,293480.0,297914.0,300000.0,284945.0,298950.0,309635.0,304862.5,289901.5,302400.0,298790.0,294077.5,302150.0,307395.0,309900.0,315950.0,293890.0,303776.0,326090.0,317687.0,343186.0,348415.0,344000.0,353252.0,348992.5,368901.5,369990.0,393690.0,391510.0,392001.0,413570.0,425880.0,441974.0,461750.0,450000.0,448825.0,451700.0,449340.0,444215.0,440000.0,418652.5,435940.0,424999.5,432900.0,440000.0,431080.0,435000.0,435580.0,450000.0,448200.0,456810.0,440400.0,439945.0,449570.0,439843.0,451190.0,435398.5,449980.0,435000.0,427141.0,449000.0
394404,10,"Boston, MA",msa,MA,602500.0,574950.0,602450.0,585866.5,552885.0,588182.0,620000.0,650000.0,649000.0,624000.0,635000.0,702997.5,625000.0,593335.0,633500.0,640000.0,645000.0,619995.0,706430.0,648307.0,629947.5,687950.0,670002.0,647933.0,725000.0,675000.0,680600.0,699900.0,653267.5,599950.0,725575.0,727500.0,649466.5,669000.0,693325.0,669445.0,720000.0,702466.5,710779.0,700000.0,720000.0,695000.0,705000.0,710000.0,765657.5,802796.0,775000.0,865000.0,775000.0,804710.0,729000.0,829995.0,877714.0,882500.0,860000.0,870000.0,825449.0,870000.0,875000.0,822449.5,825000.0,840000.0,830000.0,871735.0,890075.0,839995.0,915000.0,885172.5,875000.0,885000.0,853950.0,859450.0,864392.5,865860.0,929000.0,962736.0,978680.0,945592.5,1075000.0,1084473.0,971736.0
394976,11,"Phoenix, AZ",msa,AZ,315806.0,326920.0,304873.5,304990.0,330198.0,310189.5,308508.0,317721.0,309490.0,332250.0,329220.5,322000.0,329653.0,329991.0,334144.0,340000.0,351490.0,346701.0,339995.0,330995.0,319490.0,329500.0,323900.0,333320.0,339990.0,326350.0,321786.0,310918.0,319197.0,332889.0,345000.0,357729.5,354490.0,372762.0,350995.0,345172.5,352450.0,360000.0,357605.0,384990.0,394737.5,383645.0,395000.0,399995.0,408895.0,431500.0,420000.0,422832.0,447000.0,440422.5,453630.0,454893.0,469210.0,466203.5,455298.5,459999.0,454152.5,456621.0,448465.0,439990.0,436989.0,436465.0,433296.0,449995.0,450285.0,455326.0,446997.5,435868.0,436085.0,449990.0,434620.0,436326.5,439990.0,454990.0,448060.0,464627.5,458590.0,450600.0,438492.5,450000.0,439992.5
395057,12,"San Francisco, CA",msa,CA,840000.0,899500.0,848725.0,875000.0,945500.0,935500.0,965000.0,976750.0,998538.0,1089510.5,1012500.0,1125000.0,1087000.0,1125000.0,1119500.0,1240000.0,1192179.0,1197500.0,1106495.0,1140000.0,1060000.0,1072500.0,1144172.5,801250.0,1000000.0,828920.0,1069438.5,1485660.5,998500.0,953000.0,1043186.0,1119750.0,1200000.0,1144250.0,1196250.0,1000000.0,963940.0,1036574.0,999000.0,1360000.0,1332500.0,1350000.0,1492500.0,1368463.0,1290000.0,1395342.5,957750.0,975500.0,928484.5,950107.5,952677.0,928500.0,982500.0,990375.0,1182000.0,1276000.0,922862.0,882000.0,939000.0,1142000.0,1218500.0,1100500.0,1155100.0,1195262.5,1184500.0,1306000.0,1192950.0,1151000.0,1126686.0,1228500.0,996202.5,1145500.0,1025000.0,1100000.0,1335000.0,1322000.0,1310500.0,1321139.0,1295000.0,1023000.0,1295000.0
395025,13,"Riverside, CA",msa,CA,438870.0,434000.0,439000.0,440500.0,431275.0,448500.0,423000.0,453500.0,447125.0,452500.0,483500.0,444000.0,466000.0,468000.0,441000.0,446000.0,449000.0,445500.0,440000.0,454842.0,465000.0,468871.0,446990.0,431000.0,432750.0,424000.0,445000.0,432000.0,430000.0,446500.0,463745.0,502250.0,447000.0,480000.0,450000.0,523000.0,451250.0,483500.0,495360.0,490000.0,518643.0,520000.0,559750.0,536000.0,563000.0,589490.0,587946.0,545000.0,509000.0,571657.5,566750.0,595000.0,600835.0,610700.0,603330.0,620000.0,585500.0,586133.0,580510.0,575000.0,594577.5,585990.0,571000.0,563886.0,577000.0,575000.0,578500.0,580490.5,570000.0,597937.5,583640.0,580000.0,589750.0,595500.0,611183.0,616500.0,605970.0,600000.0,599245.0,599745.0,598400.0
394532,14,"Detroit, MI",msa,MI,319837.5,338760.0,340000.0,363382.0,340000.0,333570.0,333017.5,357500.0,345900.0,325000.0,344000.0,356641.0,349551.5,344900.0,376650.5,347200.0,385000.0,353000.0,376410.0,345060.0,355120.0,384000.0,333121.5,353735.0,369900.0,354900.0,360000.0,369000.0,374000.0,374486.0,375000.0,403855.0,392000.0,405000.0,323952.5,377410.0,358805.0,350000.0,347500.0,401100.0,369900.0,355000.0,399900.0,383977.0,439980.0,429094.5,442000.0,412347.0,351580.0,400000.0,460760.0,409465.0,439900.0,396250.0,433286.0,425910.5,427000.0,420995.0,461792.5,457990.0,444900.0,459900.0,390000.0,415900.0,435924.0,439990.0,432000.0,471336.5,425370.0,444400.0,478755.0,438575.0,416940.0,485000.0,484975.5,499555.0,485000.0,450342.5,471130.0,493315.5,528400.0
395078,15,"Seattle, WA",msa,WA,577669.0,543175.5,540000.0,593664.5,564719.0,570175.0,569950.0,557950.0,589000.0,563584.5,570000.0,582139.0,552562.0,574800.0,579975.0,570000.0,624997.0,635000.0,609000.0,628042.0,640000.0,624000.0,629622.5,637455.5,637964.5,675000.0,674975.0,675000.0,639000.0,700000.0,700000.0,679950.0,712500.0,717750.0,698975.0,720000.0,679000.0,679950.0,682090.0,691787.5,717255.0,714950.0,740000.5,749000.0,739950.0,774975.0,749950.0,759253.0,765100.0,759415.0,784316.0,819950.0,836083.5,825000.0,899997.5,825950.0,830000.0,799475.0,749950.0,802628.0,809950.0,765110.0,749992.5,825000.0,816198.5,799450.0,789900.0,779950.0,820000.0,780000.0,799000.0,830000.0,787850.0,853000.0,871700.0,849000.0,885000.0,849950.0,852915.0,840240.0,824997.5
394865,16,"Minneapolis, MN",msa,MN,358550.0,366000.0,362457.5,360506.0,389630.0,386267.5,372954.5,375300.0,372000.0,364281.0,378650.0,407500.0,360975.5,400415.0,365450.0,363000.0,380000.0,378500.0,376633.5,393942.0,380587.0,394393.0,403789.0,409990.0,385018.0,389104.5,392012.0,389900.0,406093.0,403463.0,400803.0,404725.5,409950.0,407967.5,413933.0,419704.5,386000.0,414625.0,422615.0,431065.0,402424.0,420207.5,423700.0,438110.0,444848.0,469381.5,479860.0,477873.5,477254.0,475419.0,473753.5,476344.0,488829.5,490628.5,489990.0,499900.0,502624.0,503885.0,515712.5,528378.0,515867.0,483565.0,463582.0,446462.0,459900.0,466233.0,492990.0,487000.0,484900.0,479990.0,499990.0,499132.5,480710.0,469990.0,474000.0,498337.5,499990.0,499990.0,494342.5,487836.0,490155.0
395056,17,"San Diego, CA",msa,CA,729500.0,638000.0,729000.0,857750.0,736000.0,798000.0,820000.0,787500.0,772500.0,844250.0,910000.0,864000.0,688300.5,704000.0,749000.0,762750.0,827000.0,739000.0,785726.0,795000.0,718750.0,976000.0,721500.0,820000.0,850000.0,925000.0,844000.0,772500.0,1150000.0,686000.0,847500.0,700251.0,815000.0,999900.0,853000.0,880000.0,1215000.0,949000.0,926500.0,832500.0,905000.0,840000.0,783500.0,810500.0,1171500.0,858500.0,790000.0,924900.0,890500.0,944500.0,855250.0,1800000.0,1610000.0,1130000.0,865000.0,832750.0,1108500.0,870000.0,758105.0,870000.0,905500.0,760111.0,975622.0,834750.0,759133.0,1004848.5,1207500.0,957500.0,777000.0,975000.0,856613.5,825450.0,812990.0,898290.0,899990.0,1202750.0,1128848.0,1749900.0,1190000.0,908555.0,923575.0
395148,18,"Tampa, FL",msa,FL,270800.0,269430.0,278300.0,292735.0,266650.0,280000.0,263300.0,277849.5,260500.0,271000.0,275000.0,285000.0,278200.0,272100.0,274500.0,274000.0,261000.0,269000.0,277000.0,260000.0,278771.0,289400.0,309000.0,315000.0,293900.0,292500.0,276000.0,285000.0,289990.0,295882.5,292990.0,311000.0,299900.0,316178.0,304550.0,309580.0,303990.0,318355.0,320990.0,314945.0,309990.0,320990.0,337450.0,344900.0,345695.0,364250.0,362995.0,375310.0,369990.0,383700.0,385300.0,409990.0,405000.0,418900.0,419540.0,430660.0,429646.5,410000.0,404990.0,406000.0,396495.0,385000.0,387700.0,399990.0,393999.0,403000.0,407359.0,414000.0,429990.0,425000.0,399607.0,424990.0,387745.0,382990.0,397490.0,394900.0,399990.0,405500.0,398490.0,395000.0,409600.0
394530,19,"Denver, CO",msa,CO,490153.0,500000.0,499025.0,507086.0,510600.0,515000.0,525000.0,504912.0,510500.0,508815.5,489900.0,473200.0,494900.0,510062.5,499900.0,535457.0,547536.0,545400.0,539950.0,533800.0,510000.0,515001.0,503600.0,487700.0,500000.0,504900.0,510000.0,511086.0,512212.5,510000.0,515532.0,525950.0,525000.0,537935.0,552000.0,520375.5,486200.0,500000.0,519092.0,556700.0,528090.0,529046.0,530555.0,578605.0,557000.0,585600.0,628900.0,599990.0,591080.0,610000.0,626079.0,645000.0,655190.0,660840.0,665000.0,678390.0,665000.0,663500.0,650000.0,675050.0,620000.0,645000.0,630000.0,659900.0,651915.0,644805.0,652450.0,644999.0,630000.0,608000.0,620000.0,618000.0,627152.5,598364.0,599995.0,627261.5,609000.0,582650.0,605000.0,599950.0,608500.0
394358,20,"Baltimore, MD",msa,MD,399259.0,432577.5,409495.0,433008.0,436825.5,412710.5,433700.0,388294.5,425259.5,418214.0,406361.0,434380.0,402500.0,426619.0,404990.0,416605.0,399900.0,415423.0,415000.0,422550.0,435737.5,479990.0,408282.5,395327.0,423715.0,443000.0,431170.0,430000.0,424500.0,440650.0,445000.0,440540.0,458450.0,466287.5,449945.0,457712.5,449995.0,474930.0,451890.5,459505.5,464167.0,481067.5,513405.0,505000.0,507032.5,537652.5,525200.5,547500.0,495052.5,499500.0,570000.0,588363.5,545710.0,519900.0,498505.0,517329.5,517560.0,539995.0,539990.0,540470.0,524990.0,556140.0,505000.0,544890.0,531990.0,543500.0,550995.0,538067.5,539900.0,569900.0,544740.0,577775.5,530020.0,549900.0,552440.0,560000.0,539990.0,534647.5,541210.0,559980.0,568530.0
395121,21,"St. Louis, MO",msa,MO,273000.0,275705.0,276423.5,277000.0,250809.5,281355.0,292000.0,272376.0,290807.0,294208.0,303578.0,318289.5,254494.5,285000.0,295457.5,276500.0,258500.0,299000.0,282879.0,296500.0,314500.0,313289.0,299700.0,242900.0,266150.0,270000.0,287600.0,269337.5,276225.0,307000.0,294900.0,311391.0,298721.5,306750.0,310000.0,302864.5,291251.0,297400.0,315064.0,325930.0,329000.0,338500.0,342141.5,323575.1,341578.0,339697.0,388500.0,389677.0,334047.5,404635.0,383920.0,381900.0,449750.0,400000.0,399900.0,366549.5,362400.0,430000.0,386410.0,400000.0,373450.0,349900.0,350000.0,380000.0,370206.5,375900.0,372655.0,377400.0,351450.0,365885.0,411500.0,393646.5,365000.0,373372.5,390400.0,426700.0,405775.0,382399.0,375000.0,354456.0,385500.0
394943,22,"Orlando, FL",msa,FL,306400.0,307457.5,327000.0,330000.0,318100.0,329832.0,332000.0,337693.5,330000.0,316403.5,320200.0,323800.0,315800.0,327707.0,317490.0,323000.0,301300.0,293800.0,310000.0,308995.0,302600.0,289100.0,319095.0,302000.0,298500.0,303032.5,311995.0,311850.0,308780.0,323000.0,319000.0,334600.0,329750.0,345497.5,332852.5,333565.0,319500.0,343000.0,341990.0,346828.0,355000.0,385000.0,373100.0,376975.0,379400.0,398300.0,385000.0,383065.0,393922.0,388815.0,388795.0,427121.5,408007.5,413520.0,425000.0,414600.0,450495.0,449760.0,433700.0,425995.0,419995.0,429000.0,419990.0,437481.0,442995.0,433058.0,431600.0,426853.0,431990.0,442750.0,431740.0,439800.0,436460.0,421990.0,431740.0,441051.0,429990.0,427207.5,428900.0,438522.5,440000.0
394458,23,"Charlotte, NC",msa,NC,316750.0,300000.0,304260.0,310250.0,312548.0,334000.0,334990.0,330000.0,329000.0,325000.0,343500.0,326000.0,308433.0,316000.0,324500.0,316205.0,336950.0,331950.0,333515.0,329000.0,329000.0,340000.0,319900.0,334995.0,312500.0,329000.0,340000.0,340000.0,332102.0,335000.0,339209.5,345000.0,349000.0,360000.0,354000.0,330000.0,344618.0,360000.0,370991.0,373736.5,365500.0,363640.0,364425.5,380000.0,363947.5,372500.0,418090.0,414500.0,419745.0,420000.0,431670.0,431000.0,435000.0,436686.0,443461.0,456833.0,448900.0,464525.0,446120.0,446500.0,420080.0,399000.0,412050.0,415877.0,423000.0,399420.0,404995.0,400050.0,408000.0,416717.5,399442.5,396180.0,407940.0,409990.0,408000.0,410518.0,411945.0,404490.5,409765.0,398900.0,399720.0
395055,24,"San Antonio, TX",msa,TX,262589.5,269900.0,289945.0,275805.0,286524.5,279900.0,270000.0,274000.0,259741.5,274995.0,270367.0,302900.0,271500.0,277450.0,272250.0,257299.0,259000.0,268500.0,272000.0,271450.0,265000.0,266000.0,269450.0,285000.0,249249.5,251990.0,246082.0,253000.0,250000.0,260537.0,261102.5,262986.0,272900.0,257500.0,258250.0,268287.5,267570.0,262631.5,262000.0,268905.0,266477.5,274000.0,282999.0,288499.0,292999.0,325830.0,321107.5,327000.0,320000.0,308249.5,316900.0,319517.5,326647.5,343000.0,322500.0,327990.0,329950.0,331692.0,332245.0,343824.5,315000.0,304950.0,322000.0,319950.0,311290.0,317990.0,320999.0,321245.0,320950.0,319950.0,295249.5,331975.0,289495.0,297625.0,313500.0,313990.0,320970.0,305000.0,321000.0,303000.0,315000.0
394998,25,"Portland, OR",msa,OR,451300.0,419900.0,427555.0,442055.0,451674.0,464945.0,462900.0,478000.0,450164.0,487492.0,499900.0,470000.0,456892.5,474000.0,469900.0,458500.0,464900.0,442900.0,448323.0,445975.0,459000.0,459097.5,465700.0,475000.0,466000.0,460950.0,449995.0,457400.0,443150.0,449900.0,483015.0,488862.0,500462.5,515400.0,529475.0,515000.0,483749.0,474700.0,483500.0,479900.0,482611.0,485000.0,487563.5,506625.0,515399.5,549950.0,539900.0,541259.0,563800.0,540814.5,572000.0,582461.5,576096.0,589143.5,599450.0,609938.0,600270.0,615000.0,582900.0,559984.0,540095.0,560000.0,589900.0,599450.0,589947.5,599340.0,590000.0,550600.0,541900.0,574900.0,591485.0,579900.0,563257.5,590240.0,574245.0,579990.0,589927.5,574507.5,581746.0,634960.0,587439.5
395045,26,"Sacramento, CA",msa,CA,455250.0,471500.0,477500.0,498500.0,483000.0,485000.0,486000.0,487500.0,498750.0,502500.0,500000.0,504255.0,488500.0,497500.0,490000.0,511000.0,499500.0,522000.0,520000.0,509750.0,536750.0,499250.0,502500.0,515000.0,489000.0,520000.0,521000.0,530250.0,522000.0,540000.0,535000.0,525000.0,555000.0,569750.0,517000.0,513000.0,524500.0,547500.0,547500.0,579000.0,578250.0,567500.0,546500.0,617500.0,565000.0,615250.0,670000.0,628000.0,646500.0,650000.0,657750.0,676000.0,665000.0,684500.0,694000.0,706750.0,692000.0,685000.0,620250.0,629500.0,596000.0,606250.0,618500.0,622200.0,633250.0,699250.0,660000.0,676500.0,630440.0,685250.0,648500.0,716000.0,670500.0,656000.0,687500.0,699989.0,742250.0,708245.0,793000.0,675500.0,700000.0
394982,27,"Pittsburgh, PA",msa,PA,295835.0,318961.0,320000.0,335765.0,334175.0,306935.0,305500.0,316200.0,304950.0,266990.0,303240.0,325000.0,349944.5,318700.0,292495.0,320677.0,319990.0,325700.0,328605.0,346656.5,308490.0,357800.0,349900.0,345000.0,309900.0,354990.0,309995.0,332520.0,407284.0,324300.0,345985.0,338000.0,319598.5,368045.0,369195.0,416500.0,366152.0,371695.0,356925.0,372603.5,486254.0,369990.0,372995.0,485312.5,434990.0,381909.115,429990.0,395725.0,404878.0,386000.0,433685.0,433653.0,446980.0,418300.0,459990.0,434192.5,451285.0,475850.0,379990.0,435000.0,502500.0,429272.0,420995.0,408835.0,445000.0,453145.0,419250.0,422500.0,413475.0,398120.0,449990.0,402000.0,437812.5,427837.5,410990.0,416990.0,431321.0,441280.0,447495.0,455995.0,497939.0
394466,28,"Cincinnati, OH",msa,OH,242773.0,225000.0,275440.0,262085.0,270170.0,254900.0,249619.0,233570.0,249407.5,257936.5,335000.0,301965.0,309049.0,278819.0,285112.0,236700.0,272695.0,284445.0,293125.0,312076.0,322000.0,314990.0,325000.0,314172.5,300000.0,275965.0,283794.0,334500.0,329404.5,295124.0,299900.0,286534.0,290501.5,304898.0,292000.0,303900.0,309136.0,366406.5,323061.0,335957.5,373554.0,345810.0,345136.0,350076.0,364535.0,369950.0,387418.0,392144.0,368714.5,399900.0,386895.0,382494.0,414500.0,380557.0,424900.0,379638.5,376000.0,369693.0,385000.0,394927.0,392874.0,390500.0,374900.0,369900.0,386735.5,395000.0,432000.0,399350.0,372400.0,414900.0,377114.0,433900.0,397260.5,416900.0,394900.0,421930.0,425520.0,462450.0,445686.0,391107.0,415285.0
394355,29,"Austin, TX",msa,TX,299866.0,297490.0,307154.0,308681.0,318000.0,329266.0,329177.5,340000.0,317219.5,319759.0,321674.5,347581.0,317500.0,335000.0,324995.0,347676.0,338736.0,326411.0,322990.0,333065.0,335495.0,348500.0,305990.0,321066.0,328000.0,317588.5,343100.0,343847.5,341495.0,332667.5,369406.5,367195.0,382000.0,390000.0,383735.5,408119.0,353300.0,370000.0,334990.0,389995.5,364970.0,376850.0,420000.0,417510.5,410000.0,443621.0,441460.0,450437.5,461155.5,455439.0,480718.0,477023.5,462089.0,483843.5,479684.0,467727.0,452000.0,464774.5,467060.0,472275.0,436674.0,425000.0,444230.0,455262.5,450000.0,469130.0,450445.5,444990.0,453363.0,424990.0,410812.5,443900.0,425142.5,435116.0,430539.5,419990.0,399990.0,408860.0,409740.0,424999.0,399999.0
394775,30,"Las Vegas, NV",msa,NV,340102.0,351600.0,355907.0,374276.0,367412.5,385072.0,385280.0,399503.0,385000.0,394521.5,381929.0,409292.0,389750.0,410860.5,389450.0,408355.0,411336.0,393771.0,365000.0,362990.5,367750.0,385694.0,378332.5,379587.0,367000.0,366265.0,365700.0,374806.0,369500.0,366022.5,384900.0,396990.0,389750.0,406250.0,394771.0,399382.0,390432.5,418738.0,391405.0,407794.0,446830.5,500000.0,430000.0,454366.0,440872.5,472500.0,457574.5,439753.5,453957.5,447787.0,449850.5,484990.0,497000.0,503378.0,492000.0,489495.0,472709.0,472665.5,465200.0,472995.0,438000.0,448974.0,461485.5,465591.5,466000.0,466950.0,494157.5,462889.0,461495.0,472200.0,478970.0,459950.0,459990.0,477069.5,480067.5,484970.0,491990.0,460000.0,505000.0,459450.0,479950.0
394735,31,"Kansas City, MO",msa,MO,366214.0,324373.0,339226.0,344500.0,348475.0,359937.5,359000.0,371296.0,384950.0,385612.0,370000.0,386250.0,347900.0,363033.0,368249.0,352633.5,360500.0,349982.5,375875.0,358000.0,380000.0,358700.0,374500.0,399925.0,388700.0,364950.0,364450.0,375130.0,360000.0,390000.0,394282.0,394000.0,392975.0,402400.0,400000.0,389975.0,388300.0,404950.0,402473.0,434202.0,454324.5,448393.5,435441.5,442334.5,459950.0,458000.0,464011.0,465000.0,450772.5,490318.0,479867.5,479441.5,504303.0,520000.0,522202.0,519652.0,581544.5,551690.0,542368.0,531045.5,542374.0,514950.0,529950.0,521900.0,514950.0,533403.0,529381.0,510000.0,538650.0,520000.0,535000.0,527246.0,528250.0,502499.5,530000.0,524950.0,527560.0,529900.0,540755.0,507500.0,541200.0
394492,32,"Columbus, OH",msa,OH,320200.0,326000.0,315590.5,309600.0,338000.0,325100.0,353200.0,412200.0,391000.0,332730.0,354100.0,378450.0,314900.0,320650.0,333075.0,329650.0,359900.0,339912.5,387100.0,359990.0,349900.0,379931.5,349950.0,370000.0,384550.0,345285.0,348100.0,352300.5,324990.0,353900.0,380000.0,349650.0,374580.0,349995.0,348565.0,350000.0,369900.0,342100.0,368252.0,384500.0,410557.0,391900.0,430635.5,404460.0,400295.0,390971.5,435900.0,430623.0,412000.0,420740.0,427510.0,451900.0,436700.0,425400.0,455900.0,452215.0,453560.0,482990.0,490681.5,470330.0,479775.0,480507.0,476220.0,472305.0,479945.0,477385.0,480065.0,481919.0,470500.0,474705.0,478907.0,452174.0,454990.0,456900.0,459995.0,468260.0,475065.0,485000.0,469490.0,457000.0,485657.5
394705,34,"Indianapolis, IN",msa,IN,270000.0,296714.0,321401.0,320102.0,335995.0,324391.0,320000.0,319995.0,315000.0,326206.5,357150.0,348078.0,350985.0,343036.5,355174.0,338450.0,346000.0,355000.0,336732.5,352220.0,330000.0,332950.0,357000.0,360000.0,365230.0,334675.0,340525.0,355382.5,329000.0,319000.0,322000.0,329000.0,344770.0,339842.5,333106.5,330140.5,324538.0,335000.0,318595.0,333475.0,338532.5,348252.0,355181.0,341120.0,370990.0,394810.0,378373.0,374969.0,371223.0,391970.0,390000.0,394987.5,399180.0,379945.0,389997.5,388747.5,390035.0,410221.0,400000.0,399995.0,400000.0,399995.0,402495.0,399992.5,396808.0,385182.5,374995.0,395000.0,403329.0,398375.0,386000.0,385000.0,376485.5,369792.5,365000.0,390000.0,399000.0,380000.0,385000.0,394740.0,402500.0
394475,35,"Cleveland, OH",msa,OH,295043.0,278000.0,284800.0,271500.0,313100.0,260000.0,278477.5,248250.0,256267.0,280550.0,271382.5,287764.5,246485.0,262203.5,269250.0,235250.0,262630.0,249500.0,263500.0,295000.0,286500.0,259040.0,280300.0,340400.0,283800.0,296990.0,287020.0,284250.0,285660.5,286181.0,309900.0,302808.0,259300.0,330000.0,270000.0,313292.5,286400.0,308100.0,328000.0,367950.0,325740.0,397525.5,327325.0,283605.0,347859.0,396360.0,409330.0,347077.5,384767.0,328627.5,422540.0,392205.0,410000.0,339500.0,340650.0,390945.0,398839.0,397666.0,393710.0,428550.0,432395.0,510584.5,436000.0,478850.0,367950.0,423029.5,455182.5,452385.0,450000.0,465000.0,495000.0,453309.0,479900.0,520000.0,486225.0,485000.0,500400.0,463061.5,449000.0,447450.0,449900.0
395059,36,"San Jose, CA",msa,CA,,,,,,,,,,,,,,,,,,,,,,,,,,,,,,,,,,,,,,,,,,,,,,,,,,,,,,,,,,,,,,,1235000.0,1070000.0,1093500.0,1557000.0,1200000.0,1080000.0,1502250.0,1675000.0,1312500.0,1750000.0,1210000.0,1384250.0,1624000.0,2167500.0,2510000.0,1825000.0,2165250.0,1534500.0,1288000.0
394902,37,"Nashville, TN",msa,TN,310000.0,334700.0,348000.0,343875.0,356059.5,368023.5,367484.0,374382.0,364312.0,379900.0,369990.0,369900.0,335092.5,334990.0,349900.0,373745.0,363100.0,350000.0,354450.0,363000.0,379900.0,377175.5,390000.0,389965.0,342000.0,356200.0,380052.0,381952.5,358042.5,379900.0,356032.0,358095.0,360000.0,359900.0,375685.5,364090.0,361113.5,361842.0,369117.0,389200.5,399990.0,416513.5,395905.0,395980.5,410060.0,414040.0,396867.5,429000.0,395062.0,441900.0,428200.0,450000.0,469900.0,447984.5,467495.0,444715.0,453200.0,493906.0,477822.0,459990.0,457654.5,470000.0,475000.0,453900.0,450480.0,468995.0,466326.0,464518.0,465924.0,465245.0,454700.0,469000.0,449999.0,485000.0,484995.0,493308.0,476220.0,471220.0,485915.0,492712.5,470000.0
395194,38,"Virginia Beach, VA",msa,VA,289140.0,283910.0,294875.0,284900.0,299999.0,323587.5,312500.0,325630.0,325000.0,322600.0,339900.0,322540.0,292500.0,310141.5,299000.0,300200.0,307795.0,323349.5,335000.0,323900.0,316138.0,345990.0,324900.0,354412.5,315240.0,299900.0,316150.0,309900.0,309900.0,306200.0,303700.0,311200.0,331200.0,307169.5,324900.0,337866.0,316724.5,299750.0,319812.0,337507.5,364000.0,356127.5,352175.0,350000.0,369000.0,378450.0,371350.0,404117.5,385000.0,397327.5,397500.0,401190.0,400000.0,399900.0,445000.0,414725.0,422095.0,426830.0,427650.0,420970.0,369027.0,398660.0,405000.0,416950.0,429900.0,442405.0,394732.5,427440.0,375000.0,419250.0,399000.0,395000.0,387900.0,382212.5,387000.0,431357.0,438900.0,438850.0,429950.0,432450.0,445460.0
395005,39,"Providence, RI",msa,RI,350000.0,372400.0,365958.0,369900.0,380000.0,431000.0,399900.0,367450.0,378900.0,399900.0,377500.0,394950.0,419900.0,439900.0,432050.0,375000.0,390000.0,388000.0,395700.0,397900.0,350000.0,412500.0,409900.0,389900.0,450000.0,364000.0,486000.0,399900.0,399500.0,404950.0,419000.0,533445.0,474700.0,460750.0,465000.0,447250.0,454174.0,416900.0,436250.0,465983.13,452076.0,492474.0,507031.67000000004,525000.0,499900.0,512500.0,535000.0,515950.0,540950.0,500000.0,546000.0,539642.0,505000.0,562000.0,580000.0,575000.0,572500.0,589000.0,594500.0,583750.0,600000.0,610000.0,499900.0,598425.0,550000.0,534158.5,590000.0,545450.0,624900.0,586500.0,625000.0,572450.0,599900.0,579000.0,544450.0,489900.0,587654.0,565000.0,577039.5,750000.0,552450.0
394714,40,"Jacksonville, FL",msa,FL,278676.5,280050.0,290600.0,272700.0,294000.0,288650.0,312800.0,297097.0,296650.0,296742.5,319344.0,317990.0,291600.0,312942.5,299900.0,303000.0,315000.0,314450.0,315050.0,321752.5,320300.0,307631.0,296900.0,309900.0,308950.0,313750.0,306495.0,315550.0,313064.0,308400.0,324000.0,305000.0,325242.5,319900.0,325492.5,322800.0,319243.0,316692.5,320950.0,332990.0,324500.0,344187.0,352000.0,360000.0,352812.5,349995.0,375265.0,394995.0,395397.0,403216.5,404500.0,397990.0,404351.0,380990.0,386830.0,402635.0,396930.0,399990.0,394900.0,434060.0,364990.0,379250.0,392150.0,390500.0,417900.0,388145.0,392813.0,384750.0,380450.0,397000.0,387543.5,400495.0,374485.0,388990.0,398490.0,405000.0,391847.5,393450.0,383500.0,383990.0,385590.0
394862,41,"Milwaukee, WI",msa,WI,,,,,,,,,,,,,,,,390000.0,375000.0,415800.0,329250.0,377400.0,355300.0,331250.0,391200.0,400000.0,379950.0,431950.0,412300.0,410000.0,429999.0,474900.0,429350.0,431495.0,432000.0,459569.0,445000.0,474100.0,424900.0,426700.0,421300.0,417200.0,424900.0,450000.0,459999.0,474076.5,475900.0,488874.5,544950.0,497487.0,464850.0,534000.0,452000.0,483932.5,543445.0,540021.5,563500.0,509900.0,572490.0,511961.5,547900.0,552000.0,479900.0,549779.0,540702.5,499797.5,572605.0,538513.0,529900.0,540573.0,512066.5,592199.0,598000.0,573547.0,575000.0,577310.0,549900.0,564200.0,634613.5,576500.0,582900.0,578900.0,582882.5
394935,42,"Oklahoma City, OK",msa,OK,154555.0,185300.0,178500.0,178995.0,204941.5,238500.0,230750.0,215000.0,220000.0,229000.0,233840.0,233250.0,201000.0,207500.0,228000.0,229500.0,224250.0,257600.0,256500.0,257900.0,264000.0,225500.0,255500.0,250000.0,220750.0,245500.0,243000.0,229000.0,245000.0,274000.0,254500.0,264340.0,240000.0,269420.0,259000.0,245000.0,228750.0,248250.0,268250.0,263750.0,267250.0,275900.0,282500.0,289450.0,290441.0,291324.5,302540.0,285690.0,268575.0,310035.0,285093.0,313966.5,330500.0,333290.0,352817.0,350593.5,326633.0,321245.0,317310.0,327490.0,312296.0,301245.0,350453.0,316750.0,348532.5,331500.0,349900.0,317950.0,319999.0,342690.0,320990.0,313165.0,343130.0,317535.0,339989.0,353840.0,341170.0,339850.0,320000.0,350470.0,342000.0
395012,43,"Raleigh, NC",msa,NC,288500.0,295000.0,321000.0,328000.0,335500.0,327500.0,335000.0,330250.0,345500.0,335000.0,350000.0,359250.0,371000.0,348250.0,365000.0,355000.0,367000.0,384950.0,359500.0,369500.0,370000.0,354500.0,375000.0,345000.0,346000.0,342500.0,362000.0,359000.0,350000.0,369730.0,362000.0,360030.0,369750.0,365000.0,383000.0,368520.0,357830.0,347307.5,369537.5,372950.0,368279.5,389000.0,388900.0,382525.0,391750.0,410000.0,408787.5,394000.0,422722.5,406000.0,415500.0,442482.5,450000.0,452252.5,460974.0,477173.0,463752.0,470925.0,474990.0,470000.0,456500.0,441316.0,427400.0,448383.0,439000.0,436950.0,440000.0,438170.0,459990.0,436800.0,440000.0,452480.0,414900.0,402630.0,434840.0,432086.5,410500.0,415000.0,419900.0,419755.0,448900.0
394849,44,"Memphis, TN",msa,TN,299400.0,280700.0,282900.0,297740.0,279450.0,308047.0,297900.0,291924.0,270450.0,321090.0,300298.0,294000.0,300365.0,307975.5,284400.0,310122.5,330950.0,328900.0,260000.0,298000.0,279520.0,284900.0,283450.0,294950.0,291215.0,343400.0,317000.0,294211.0,282900.0,281400.0,305950.0,307908.0,298685.0,310900.0,385950.0,322900.0,384900.0,355950.0,337000.0,352692.0,359900.0,350281.5,318000.0,373035.0,396735.0,393600.0,362100.0,390000.0,332000.0,321400.0,350515.0,380000.0,349990.0,359900.0,356445.0,392945.0,359990.0,342600.0,377900.0,389000.0,375000.0,413264.0,397560.0,422737.5,375431.0,369445.0,352500.0,386100.0,358900.0,371490.0,369000.0,364900.0,399000.0,371900.0,356402.5,367647.0,375880.5,352900.0,360900.0,371970.0,381050.0
395022,45,"Richmond, VA",msa,VA,313045.0,310258.5,310000.0,284228.0,300374.0,319395.0,343624.5,334395.0,309262.5,360000.0,359995.0,355986.5,289328.5,314250.0,311796.0,312275.0,330985.0,349000.0,366000.0,371450.0,357607.5,356300.0,369550.0,353044.0,315000.0,336974.5,339825.0,332455.0,359990.0,373000.0,356549.0,346770.0,341134.0,365562.5,355728.0,365102.0,339990.0,340000.0,367836.0,369545.5,358642.5,377990.0,368492.5,389000.0,367022.5,390022.5,375000.0,394351.0,419241.0,444145.0,417935.0,431676.0,441407.5,449790.0,454592.5,497000.0,460951.0,445900.0,471790.0,394925.0,435032.0,449950.0,413492.5,455605.0,430135.0,444000.0,439535.0,443700.0,411055.0,438245.0,466750.0,436925.0,442760.0,496260.0,463137.5,470958.0,488250.0,473000.0,480007.5,464815.0,486052.5
394807,46,"Louisville, KY",msa,KY,259995.0,274900.0,260912.5,268164.5,256110.0,266900.0,245332.5,242450.0,267490.5,261900.0,308018.0,269223.0,312237.0,276865.0,283500.0,269949.5,270000.0,270000.0,295900.0,274600.0,265200.0,279649.0,307000.0,279900.0,297800.0,291405.0,284900.0,277977.5,294537.5,301995.0,272500.0,285900.0,274000.0,287450.0,310819.5,300065.0,289900.0,272541.0,311612.0,302837.5,308652.5,316628.0,335751.0,309000.0,334900.0,340000.0,333759.0,340200.0,329900.0,339900.0,335000.0,341919.5,346937.5,333900.0,359670.0,365000.0,351340.0,369144.5,343503.5,339295.5,349995.0,342445.0,328669.0,341410.0,350950.0,350650.0,350000.0,339898.5,323950.0,347477.0,373063.5,358929.5,353354.5,312556.0,350500.0,343400.0,355000.0,322400.0,339900.0,321874.0,342318.0
394910,47,"New Orleans, LA",msa,LA,219900.0,165000.0,248000.0,215000.0,185500.0,217000.0,202000.0,206000.0,173450.0,190000.0,210000.0,216000.0,165000.0,193057.5,172765.0,187000.0,200500.0,220000.0,233950.0,239000.0,229900.0,215000.0,218500.0,243500.0,220000.0,208500.0,219971.0,279000.0,242000.0,242950.0,255000.0,255000.0,265000.0,279450.0,287450.0,286334.0,259000.0,298000.0,271500.0,304000.0,289920.0,324060.0,299499.5,327150.0,350000.0,310850.0,329000.0,337000.0,300000.0,302450.0,284950.0,305000.0,320227.5,300000.0,299950.0,278490.0,279900.0,288500.0,300000.0,289000.0,263000.0,269950.0,282000.0,298000.0,271405.0,305327.5,270630.0,277000.0,275900.0,285000.0,275000.0,275000.0,277650.0,311250.0,321500.0,300000.0,346610.0,326240.0,307635.0,306987.5,289503.0
395053,48,"Salt Lake City, UT",msa,UT,,,,,,,,,,,,,,341996.0,396125.0,368462.0,356430.0,383489.5,374107.5,434744.0,338280.0,380250.0,397531.5,396250.0,384015.0,406983.5,399993.5,379715.0,390050.0,387308.0,407149.0,386500.0,431058.0,400175.0,377515.0,389900.0,391000.0,422815.0,421680.0,423496.0,397400.0,429165.0,460450.0,484900.0,542200.0,567500.0,535000.0,591728.0,575682.0,578037.0,550747.0,599000.0,653000.0,633919.0,582968.0,566070.0,534070.0,576825.0,581860.0,570000.0,530000.0,615000.0,545000.0,505450.0,580000.0,548025.0,561795.0,499720.0,545000.0,550500.0,529285.0,509850.0,516010.0,498343.5,538900.0,527950.0,522495.0,499990.0,501139.0,539900.0,511945.0
394388,51,"Birmingham, AL",msa,AL,,,,,,,,,,,,,,,,,,,,,,,380591.5,162000.0,318450.0,258399.0,261537.5,315062.5,275775.0,241825.0,286100.0,255855.0,284100.0,261825.0,266255.0,282402.5,399900.0,361470.0,359515.5,311200.0,294375.0,305120.0,305695.0,315617.5,339128.5,329900.0,355775.0,375025.0,386720.0,336300.0,332660.0,360860.0,390100.0,401260.0,389950.0,402758.0,425000.0,422092.5,412813.0,379900.0,374418.0,311715.0,336400.0,345000.0,344900.0,316754.0,314500.0,319900.0,320945.0,334900.0,356099.5,350600.0,342535.0,331575.0,339650.0,332373.0,339400.0,344900.0,342230.0,363425.0,369900.0
394640,53,"Grand Rapids, MI",msa,MI,233117.5,254950.0,271932.0,260000.0,260000.0,285387.0,282158.5,289000.0,318064.0,297335.0,309900.0,339000.0,294870.0,321406.0,305000.0,287083.5,299900.0,304000.0,306500.0,299900.0,319773.0,321923.5,319700.0,329360.0,289535.0,297500.0,309400.0,320000.0,302200.0,313860.0,324900.0,312000.0,339900.0,312600.0,334900.0,314610.5,312900.0,313722.0,339615.0,322984.0,354660.0,357900.5,354100.0,362140.0,391963.0,379600.0,394219.0,380000.0,360994.0,380362.5,376551.0,385535.0,397222.0,429900.0,395900.0,436278.5,422720.0,399900.0,429900.0,420000.0,432437.5,390805.0,399900.0,404900.0,459900.0,422650.0,398000.0,421770.0,436000.0,415000.0,410000.0,447022.0,408650.0,429900.0,399950.0,431701.5,435188.0,452000.0,488000.0,432450.0,481450.0
395167,54,"Tucson, AZ",msa,AZ,288223.0,279000.0,278102.0,303971.0,297707.0,296604.5,290236.0,296100.0,258087.0,317411.0,287816.0,288170.0,270000.0,273800.0,301081.0,277967.0,293500.0,272785.0,258950.0,293795.0,285000.0,267900.0,275000.0,260190.0,316027.5,295000.0,287745.0,284455.0,301717.0,301251.0,287230.0,324434.0,329990.0,318895.0,321500.0,359175.0,312960.5,331265.5,360000.0,369940.0,339370.0,395100.5,350000.0,415825.0,423987.0,360000.0,416625.0,393920.0,387393.0,439470.0,388945.0,392188.0,424547.0,416040.0,411755.0,381860.0,415700.0,403923.0,409990.0,405171.0,390840.0,399097.5,418950.0,415169.0,434990.0,401205.0,416595.0,413722.0,399990.0,410000.0,396300.0,411990.0,400000.0,393470.5,395420.0,401430.0,424990.0,398000.0,399805.0,394000.0,380482.5
395169,56,"Tulsa, OK",msa,OK,216000.0,244500.0,237448.0,235000.0,240000.0,225500.0,258500.0,247000.0,274250.0,266500.0,260000.0,269450.0,245500.0,236881.0,233269.0,232500.0,284450.0,273000.0,270000.0,256122.0,227000.0,250495.0,286500.0,250000.0,201300.0,249439.0,243900.0,290000.0,254900.0,289000.0,289750.0,282000.0,304765.0,305000.0,296700.0,331850.0,309950.0,323880.0,300000.0,268900.0,345900.0,321165.0,328686.0,329950.0,337500.0,308000.0,316675.0,332800.0,354900.0,301450.0,356000.0,355559.13,358500.0,365000.0,411750.0,414250.0,417177.5,353665.0,391750.0,440266.0,337500.0,375000.0,376500.0,351273.0,359400.0,335748.5,361240.0,415497.5,355000.0,377082.0,370796.5,337418.5,350205.0,399000.0,385000.0,397100.0,390648.5,386500.0,389500.0,376500.0,384450.0
395238,58,"Worcester, MA",msa,MA,383394.5,359900.0,349900.0,381337.5,399900.0,389000.0,377000.0,367664.5,384241.0,436430.0,340000.0,350000.0,360025.0,372314.0,360000.0,329900.0,385000.0,370000.0,451640.0,460000.0,400000.0,382700.0,397000.0,387082.5,340750.0,399000.0,445697.5,450916.0,523700.0,399325.0,379900.0,420000.0,393000.0,433045.0,441936.5,414020.58499999996,485458.0,398500.0,434450.0,461250.0,442914.5,497000.0,501000.0,456995.0,435000.0,469900.0,521857.5,512000.0,490000.0,497725.0,497235.0,515000.0,526226.0,495705.0,518870.0,515824.5,579325.0,509000.0,543000.0,601890.0,543379.5,560656.0,572843.0,529512.0,524945.0,580315.0,549168.0,526000.0,550000.0,558614.5,585669.0,575830.5,529000.0,643510.0,624361.0,610000.0,624500.0,565814.19,554950.0,543269.0,570534.55
394938,59,"Omaha, NE",msa,NE,271432.0,293500.0,287000.0,288900.0,295000.0,300000.0,308000.0,302978.0,309500.0,293100.0,324500.0,319000.0,313000.0,304000.0,306000.0,303009.0,321185.0,317497.0,336785.0,344000.0,349000.0,330000.0,345000.0,385750.0,330000.0,324860.0,324500.0,334000.0,342900.0,346000.0,348853.0,327000.0,348829.5,333525.5,352250.0,353697.5,337000.0,349762.5,354950.0,357505.0,382150.0,380000.0,410000.0,404250.0,429880.0,412000.0,387393.0,413000.0,426012.0,399900.0,420016.5,417743.0,467727.0,422425.0,451000.0,448071.5,464732.0,436375.0,466749.0,443410.0,474912.0,425533.0,408815.0,439000.0,446000.0,454125.0,441948.0,435000.0,412245.0,435000.0,435137.0,434941.0,419000.0,415000.0,425545.5,430049.0,414900.0,421323.0,419569.5,429990.0,410185.0
394653,61,"Greenville, SC",msa,SC,244281.0,238829.5,235000.0,240395.0,239274.5,255162.5,257507.5,249900.0,259000.0,277919.5,270000.0,259780.0,266930.0,262000.0,245485.0,237990.0,240238.0,255500.0,244456.5,254900.0,249000.0,246495.0,265000.0,263685.0,239900.0,256520.0,259900.0,254513.0,259900.0,273975.0,271625.5,259000.0,296990.0,305000.0,292700.0,295313.0,234900.0,263790.0,255411.5,274870.0,275000.0,257996.0,279490.0,271134.0,272500.0,289995.0,298119.0,291990.0,299000.0,304945.0,313669.0,327390.0,324118.0,316490.0,331149.5,352208.5,346900.0,323444.0,346555.0,333000.0,339539.5,320070.0,321000.0,336900.0,324900.0,337495.0,338855.0,339900.0,342087.5,339900.0,328805.0,350384.0,341309.0,340000.0,349900.0,350495.0,339000.0,334945.0,340000.0,336900.0,343400.0
394312,62,"Albuquerque, NM",msa,NM,264712.0,299967.5,265877.0,272048.0,290000.0,260006.0,285370.0,277860.0,251325.5,306000.0,312881.0,281058.5,292000.0,242924.0,250500.0,257868.5,239900.0,323627.5,275000.0,320000.0,319900.0,273000.0,245450.0,285000.0,251400.0,295170.0,254450.0,274470.0,289900.0,260000.0,299157.0,279900.0,296250.0,260600.0,315203.0,312178.0,325879.5,317500.0,327162.5,305000.0,335922.5,340630.0,369900.0,366375.0,334775.0,392945.0,345912.5,374000.0,337900.0,381460.0,369900.0,399000.0,385000.0,396841.5,405000.0,375190.0,374950.0,416640.0,389270.0,439005.0,403333.0,379990.0,396995.0,338026.0,355110.0,364990.0,343290.0,359990.0,354389.5,373585.0,350000.0,367090.0,381422.5,382900.0,351171.0,366275.0,380806.5,371000.0,386152.5,399995.0,374947.5
394753,65,"Knoxville, TN",msa,TN,284957.5,274000.0,282611.0,259320.0,288000.0,291335.0,305794.5,267900.0,309900.0,305000.0,307545.0,250000.0,314900.0,299800.0,265115.0,311450.0,298575.0,296000.0,303000.0,289950.0,300000.0,328420.5,344900.0,341250.0,285000.0,239300.0,305000.0,287867.5,263802.5,281182.5,292400.0,315600.0,299500.0,299900.0,333925.0,361450.0,322500.0,359450.0,313463.0,336662.5,304671.5,309437.5,350000.0,364344.0,334398.5,371600.0,371344.0,373135.0,414900.0,378487.5,378017.5,396450.0,391701.0,418328.0,407680.0,430017.0,428930.0,413025.0,429050.0,408700.0,396900.0,430185.0,437200.0,476749.0,445510.5,464114.0,492450.0,450000.0,420265.5,449000.0,414750.0,420205.0,406292.5,435000.0,423761.0,419953.0,400000.0,420180.0,444901.0,429277.5,445450.0
394367,66,"Baton Rouge, LA",msa,LA,223900.0,255500.0,264900.0,235000.0,231500.0,228800.0,226025.0,223935.0,254900.0,234900.0,230892.5,208400.0,244900.0,199900.0,237400.0,230400.0,272895.0,268357.0,243505.0,277200.0,252032.5,235715.0,205950.0,262598.0,230246.0,224962.5,235840.0,216830.0,245000.0,220793.5,260140.0,249150.0,250450.0,258217.0,240000.0,226900.0,213519.0,251915.0,247939.5,244277.0,236900.0,259564.0,265900.0,261000.0,255875.0,266360.0,264900.0,267100.0,261467.5,271125.0,277570.0,286145.0,300970.0,292095.0,289087.5,294065.0,295705.0,284300.0,302922.5,286160.0,298315.0,278880.0,277980.0,290495.0,299000.0,306035.0,299990.0,297377.5,294500.0,278135.0,294815.0,281882.5,292895.0,295000.0,304655.0,289367.5,292552.5,295430.0,306707.5,310045.0,311900.0
394843,67,"McAllen, TX",msa,TX,,,,,,,,,,,,,,,,,,,,,,,,,,,,,,,,,,,,,,180950.0,194000.0,191163.5,206450.0,210000.0,235000.0,215000.0,229000.0,248000.0,239000.0,230000.0,207865.0,229900.0,238750.0,239000.0,220000.0,251250.0,239950.0,230000.0,261950.0,245000.0,240000.0,249900.0,244900.0,266500.0,265950.0,249000.0,249300.0,255000.0,252000.0,261000.0,270000.0,263640.0,268000.0,244750.0,219000.0,249500.0,255862.0,257000.0,252000.0,271000.0,272000.0,254000.0,249500.0
394561,69,"El Paso, TX",msa,TX,174482.0,173975.0,179450.0,180475.0,177003.5,180880.0,182950.0,182950.0,189950.0,180172.5,186950.0,184950.0,171725.0,188000.0,177550.0,178950.0,192787.5,201827.0,187950.0,187950.0,189950.0,186700.0,182450.0,189500.0,180315.0,201860.0,202505.0,189155.0,193475.0,197725.0,200475.0,210707.5,219950.0,203760.0,217975.0,205450.0,220250.0,225450.0,226725.0,230000.0,238349.5,233450.0,250000.0,250000.0,242950.0,243120.0,235000.0,243200.0,245225.0,253950.0,269975.0,249583.0,262975.0,259950.0,261200.0,267000.0,283375.0,266950.0,266950.0,277950.0,269855.0,267790.0,283935.0,285000.0,284500.0,283649.5,290980.5,282950.0,289500.0,286450.0,293450.0,296602.0,301100.0,286950.0,287950.0,289950.0,292340.0,283950.0,290102.5,293950.0,297950.0
394318,70,"Allentown, PA",msa,PA,,,,,,,,,,,,,,,,,,,,,,,,,,,385000.0,331950.0,288820.0,349900.0,386537.5,294000.0,349500.0,377836.5,330176.0,353314.0,390000.0,428450.0,430237.5,399995.0,448565.0,454547.5,435295.0,434975.0,530185.0,430000.0,466295.0,453500.0,450282.0,412725.0,433120.0,446765.0,392907.5,445305.0,481705.0,462730.0,507495.0,455644.0,452210.0,430896.0,435000.0,449995.0,469990.0,468965.0,466292.5,481990.0,455745.0,431045.0,485990.0,520195.0,522368.0,506630.0,461325.0,432500.0,456764.5,440900.0,419015.0,494744.5,482124.0,484020.0,486995.0
394486,72,"Columbia, SC",msa,SC,247970.0,208225.0,203200.0,216939.0,212000.0,212018.5,235285.0,231700.0,219900.0,223890.0,221000.0,249945.0,209145.5,231800.0,216210.0,204900.0,232036.0,238950.0,225859.0,234735.0,239844.0,245000.0,233950.0,276748.5,256635.5,249900.0,258531.5,236699.5,238000.0,231935.0,241407.0,249900.0,252715.0,232538.0,238342.5,257500.0,249000.0,256155.0,273000.0,268000.0,256188.0,275000.0,264426.5,264681.0,286990.0,280000.0,286200.0,286744.5,305903.0,299632.5,305681.0,308726.0,331615.5,320705.0,324170.0,331412.0,323830.0,315390.0,315011.0,297397.5,301425.0,308364.5,299500.0,305270.0,310300.0,295650.0,296815.0,310000.0,306000.0,312775.0,284449.5,309320.0,285367.0,291025.0,300000.0,286865.0,309999.0,296690.0,286450.0,295245.0,303570.0
753906,73,"North Port, FL",msa,FL,379550.0,317807.0,317200.0,336000.0,327900.0,329990.0,321037.5,315650.0,336162.5,340586.0,343836.5,339900.0,300000.0,341690.5,345000.0,328300.0,328000.0,333990.0,330000.0,312940.0,349630.0,347192.0,357000.0,388000.0,400000.0,362000.0,344590.5,334990.0,300000.0,339177.5,340495.0,336700.0,330000.0,330000.0,359750.0,374990.0,347000.0,331900.0,392200.0,382962.5,365000.0,371337.0,383300.0,380894.0,387730.0,418000.0,401495.0,422900.0,446012.5,440000.0,479990.0,435550.0,475000.0,489017.0,498500.0,527037.5,473800.0,503517.5,463115.5,479995.0,469792.5,460000.0,450990.0,469500.0,443548.0,455000.0,458999.0,454998.0,427780.0,439990.0,460805.0,501800.0,467892.5,460800.0,454900.0,459995.0,467545.0,444990.0,445000.0,433445.0,426355.0
394457,75,"Charleston, SC",msa,SC,291900.0,329193.0,360000.0,345911.5,339503.0,322985.0,338345.0,330195.0,357500.0,328500.0,300986.0,333152.5,313477.0,339950.0,328164.5,376828.0,329900.0,366207.5,370824.0,390000.0,367225.0,354900.0,444900.0,351071.5,412329.0,365237.0,295030.0,336000.0,320000.0,334120.5,333262.0,339500.0,337795.0,349078.5,359885.0,344445.0,334990.0,369417.5,352682.0,379510.0,375210.0,391150.0,375650.0,399606.0,408834.5,434412.5,429910.0,439258.0,389990.0,415200.0,400000.0,424872.5,453278.0,445567.5,447700.0,437135.0,428330.5,464082.5,427667.0,466093.5,415440.0,414715.0,443885.0,473319.0,438710.0,446280.0,434090.0,394990.0,431777.5,411055.0,407849.0,429822.5,421330.0,409697.0,439074.0,413400.0,430760.5,427035.0,422005.5,410835.0,414537.5
394648,76,"Greensboro, NC",msa,NC,195000.0,190750.0,195000.0,184500.0,190500.0,198500.0,214995.0,202995.0,248000.0,256900.0,264000.0,228500.0,207750.0,261000.0,243500.0,281750.0,280000.0,280750.0,281950.0,299000.0,286485.0,301000.0,277602.5,291500.0,234345.0,240000.0,247000.0,234400.0,267125.0,260507.5,260495.0,237487.5,241099.5,262689.0,269750.0,283220.0,286297.5,245932.5,249915.0,271688.0,267324.0,260000.0,309960.0,321785.0,308040.0,308500.0,299040.0,301620.0,298860.0,355000.0,334990.0,360819.0,358750.0,371097.5,360519.0,365000.0,358000.0,375275.0,370500.0,412750.0,393531.0,387000.0,377495.0,397500.0,392250.0,360990.0,369900.0,365495.0,345990.0,375500.0,366245.0,370495.0,344000.0,330217.0,339990.0,340474.5,320495.0,326470.0,321650.0,352520.0,380000.0
394440,78,"Cape Coral, FL",msa,FL,241600.0,231500.0,244995.0,250000.0,259380.0,253000.0,272898.0,264737.5,253077.5,245000.0,249500.0,250000.0,222000.0,243000.0,236000.0,232200.0,240000.0,229450.0,241700.0,236480.0,238010.0,243000.0,250000.0,239650.0,232270.0,247000.0,242200.0,261950.0,246950.0,239900.0,273000.0,246835.0,252087.0,255000.0,285000.0,275000.0,258950.0,266500.0,269950.0,275000.0,272900.0,280285.0,295045.0,311200.0,326644.5,326000.0,341295.0,353580.0,329900.0,323790.0,341000.0,365000.0,372735.0,380000.0,384900.0,377225.0,365000.0,372160.0,380000.0,380000.0,364999.0,390000.0,368563.0,380000.0,380000.0,390000.0,375500.0,385000.0,370000.0,365000.0,373990.0,374999.0,370000.0,370000.0,369900.0,373999.0,370500.0,378000.0,379000.0,370000.0,369000.0
394399,79,"Boise City, ID",msa,ID,338752.0,329668.0,319158.0,324990.0,337202.0,359900.0,355019.0,359900.0,339990.0,364207.5,367615.0,354959.0,329900.0,355965.0,344157.5,354900.0,353900.0,366212.0,374490.0,367635.0,370000.0,364500.0,381062.5,383500.0,419440.0,389154.0,382445.0,380245.0,382790.0,402740.0,379990.0,424350.0,409995.0,450000.0,435700.0,461930.0,477450.0,460000.0,456488.0,469900.0,498000.0,482490.0,484990.0,492875.0,510000.0,505696.5,550000.0,531234.0,532270.5,523445.0,542983.5,566990.0,564504.5,582950.0,539900.0,556815.0,566327.5,570000.0,532495.0,505990.0,453990.0,475000.0,450000.0,454990.0,479989.5,476900.0,478950.0,479990.0,459990.0,489990.0,479610.0,480525.0,460490.0,479990.0,506751.0,524990.0,499990.0,475552.0,479995.0,489518.0,495000.0
394484,80,"Colorado Springs, CO",msa,CO,373730.0,367930.0,360000.0,370950.0,386473.0,373400.0,393135.0,397790.0,370250.0,375000.0,395976.0,352401.0,361038.0,380450.0,366081.5,387500.0,445000.0,409500.0,369990.0,386974.0,427400.0,419200.0,383300.0,433100.0,447934.5,448653.0,435000.0,434550.0,401600.0,411700.0,435200.0,428970.0,429995.0,431690.0,434000.0,453400.0,449122.0,483350.0,471100.0,494400.0,495000.0,493250.0,567600.0,508585.5,482770.0,504700.0,475300.0,502751.0,481750.0,478150.0,499245.5,485100.0,484999.5,526060.0,510519.0,575900.0,523425.0,517700.0,511325.0,500353.0,518856.0,558300.5,515995.0,546000.0,551800.0,499495.0,499500.0,499991.0,515600.0,494990.0,511950.0,495378.0,480000.0,514665.0,515000.0,566615.5,555100.0,525000.0,523521.0,568888.0,522076.5
394798,81,"Little Rock, AR",msa,AR,180000.0,177700.0,182000.0,176000.0,237000.0,207858.0,257000.0,219950.0,237300.0,233000.0,242495.5,232890.5,179200.0,279000.0,249925.0,253139.0,274000.0,289000.0,258000.0,234950.0,264900.0,267450.0,220000.0,238500.0,259950.0,267500.0,232900.0,249584.0,206120.0,267700.0,267500.0,259900.0,290500.0,274400.0,287650.0,238000.0,218500.0,206000.0,215000.0,217550.0,262500.0,215771.0,227450.0,222000.0,244950.0,225000.0,258720.0,279900.0,300000.0,250031.0,278000.0,302000.0,309900.0,319500.0,313950.0,321000.0,341078.5,281966.0,315810.5,364000.0,306443.0,333900.0,343000.0,369850.0,365375.0,360827.325,369606.0,367500.0,378000.0,370450.0,314870.0,331000.0,334250.0,332450.0,365000.0,380000.0,388882.0,385300.0,344900.0,370500.0,389900.0
394766,82,"Lakeland, FL",msa,FL,221900.0,207695.0,212798.0,213000.0,213000.0,213245.0,215497.5,217445.0,218250.0,227900.0,230990.0,218665.0,230000.0,215015.5,213990.0,213400.0,216995.0,218450.0,227990.0,222900.0,221075.0,215000.0,229990.0,223995.0,218672.5,224704.0,228399.0,230530.5,225000.0,232000.0,234982.5,237175.0,229990.0,245000.0,246850.0,237450.0,244900.0,249140.0,244000.0,254900.0,262695.0,264900.0,270850.0,281990.0,291200.0,299695.0,305825.0,326600.0,314022.0,319100.0,322310.0,338622.5,341990.0,355000.0,354991.0,350000.0,357795.0,348215.0,346495.0,340994.5,329667.0,336990.0,329550.0,333990.0,344452.0,344500.0,340167.0,352900.0,348695.0,348652.5,339345.0,340080.0,349945.0,348000.0,340585.0,336615.0,331010.0,333000.0,331695.0,330330.0,329995.0
394531,84,"Des Moines, IA",msa,IA,266750.0,308725.0,251000.0,253000.0,286000.0,266500.0,269000.0,284500.0,290500.0,296750.0,300000.0,335150.0,323000.0,294500.0,294900.0,291500.0,293000.0,285000.0,294000.0,303000.0,285000.0,311783.5,317282.5,307000.0,294500.0,272533.0,258000.0,292000.0,282000.0,278495.0,277750.0,285067.5,280750.0,285000.0,294167.0,297750.0,319020.0,298259.0,280780.0,298570.0,301744.0,298340.0,309950.0,305500.0,332494.0,335653.0,346225.5,345000.0,362000.0,358595.0,360989.0,361000.0,368950.0,375000.0,360495.0,383900.0,355000.0,385000.0,379990.0,344000.0,360990.0,342745.0,359990.0,363990.0,350250.0,363945.0,374990.0,370000.0,378090.0,369995.0,374257.5,374990.0,355495.0,362615.0,349995.0,359990.0,354990.0,360000.0,366370.0,364859.0,374900.0
394931,87,"Ogden, UT",msa,UT,392081.0,389491.5,381500.0,413487.0,406623.0,407475.0,412302.0,383528.0,366400.0,419798.0,400900.0,379900.0,365677.0,398017.5,432850.0,414900.0,451030.0,438300.0,397788.0,431997.0,399900.0,415033.0,378182.5,395047.0,388206.0,337900.0,428849.0,415000.0,410000.0,419315.0,408628.0,383547.0,454901.0,424390.0,426782.0,460385.0,430371.5,423043.5,470445.5,397845.5,454295.5,470772.5,444926.0,552053.5,491255.0,508084.5,479000.0,495984.0,535269.5,503891.5,568555.0,560223.0,590000.0,561129.5,582442.0,627960.0,539900.0,555000.0,625000.0,556052.0,560000.0,477000.0,514931.5,529800.0,549500.0,540500.0,541245.0,601090.0,534995.0,543725.0,575000.0,545490.0,565000.0,550000.0,537000.0,591203.0,533567.0,533000.0,555000.0,573198.5,555000.0
394816,88,"Madison, WI",msa,WI,333600.0,342383.0,336700.0,353997.5,333333.0,351700.0,350900.0,345000.0,329900.0,292000.0,374900.0,377950.0,337850.0,335700.0,355500.0,324900.0,365000.0,353450.0,381500.0,391450.0,338115.0,385000.0,398643.0,371754.0,357400.0,317955.0,362500.0,365600.0,359900.0,350762.0,363000.0,382600.0,379950.0,372000.0,365000.0,363900.0,369900.0,381900.0,374950.0,374900.0,376400.0,382900.0,384900.0,382850.0,376325.0,385200.0,404900.0,442700.0,367400.0,414900.0,422450.0,428400.0,434900.0,460436.0,424832.0,450000.0,423700.0,479900.0,501763.0,478087.5,484544.0,427350.0,454700.0,478850.0,487000.0,459900.0,474150.0,474500.0,495000.0,507271.0,477450.0,505953.0,495596.0,466460.0,514900.0,539950.0,529900.0,517750.0,517020.0,532000.0,509900.0
395235,89,"Winston, NC",msa,NC,207750.0,192952.0,186250.0,195000.0,189000.0,183000.0,184500.0,209000.0,205178.0,215000.0,240950.0,228697.5,202500.0,206000.0,200750.0,231500.0,215000.0,227500.0,260300.0,239500.0,251000.0,253500.0,239500.0,260165.0,255500.0,222000.0,275000.0,270750.0,271500.0,266760.0,248981.5,284990.0,278250.0,260000.0,277500.0,251500.0,247000.0,290000.0,301990.0,300184.0,299902.0,305050.0,300572.0,306500.0,296870.0,341019.5,320500.0,315000.0,310000.0,313800.0,308264.0,336250.0,306500.0,316500.0,319500.0,341162.5,341500.0,337895.0,350961.0,318000.0,310000.0,325000.0,325000.0,319565.0,320990.0,319500.0,324495.0,323859.0,326320.0,317570.0,321240.0,302000.0,344000.0,359264.5,339000.0,349041.5,315000.0,315399.0,320535.0,359950.0,345852.5
394528,90,"Deltona, FL",msa,FL,237450.0,239405.0,238900.0,242750.0,245990.0,237402.0,240000.0,261579.0,249900.0,257252.0,257252.0,259900.0,248745.0,249991.0,246000.0,237500.0,253000.0,255700.0,256250.0,245000.0,254200.0,261550.0,268900.0,256000.0,242000.0,257000.0,250533.5,242000.0,241990.0,250490.0,259650.0,259695.0,258900.0,267995.0,265355.0,263900.0,274352.5,260740.0,273490.0,278500.0,279490.0,289660.0,299160.0,295495.0,307680.0,295044.0,315990.0,338450.0,333490.0,330000.0,339900.0,347450.0,352695.0,351995.0,370000.0,365537.0,371740.0,375700.0,379999.0,362990.0,361459.0,357000.0,364065.0,361990.0,360000.0,374126.0,363054.0,360687.5,369990.0,369995.0,386990.0,374995.0,376900.0,357990.0,370495.0,367240.0,369990.0,369990.0,369185.0,349999.5,369999.5
395006,92,"Provo, UT",msa,UT,,,,,,,,,,,,,,,380000.0,355311.0,402800.0,385000.0,372000.0,378798.5,364000.0,369233.5,344250.0,329746.0,336628.0,357722.0,353529.5,363736.5,367745.0,355049.5,386754.5,395954.0,387450.0,434627.0,404950.0,424000.0,415429.5,408978.0,388956.5,435830.0,471209.0,467597.5,446024.0,462970.0,480530.5,507480.5,499950.0,513000.0,538500.0,546115.0,561167.0,585098.5,575000.0,634290.0,594872.5,528530.0,509828.5,540404.0,542543.5,511543.0,499450.0,469800.0,499995.0,462500.0,489006.5,504450.0,499900.0,522500.0,480000.0,483800.0,489992.5,479990.0,465600.0,474900.0,476096.5,489945.0,482418.5,484990.0,476860.5,480381.5,496260.0
394549,95,"Durham, NC",msa,NC,320000.0,346500.0,325250.0,336500.0,328500.0,368960.0,307750.0,339250.0,330000.0,324500.0,373750.0,380000.0,352125.0,372000.0,344855.0,315000.0,349500.0,338500.0,385952.0,334500.0,407500.0,398805.0,447500.0,390000.0,369900.0,321500.0,387334.0,329990.0,392000.0,334463.5,418500.0,395250.0,379500.0,402625.0,437394.0,402500.0,327122.5,309900.0,338540.0,353615.0,350950.0,367780.5,357500.0,350310.0,407752.5,448120.0,423980.0,453935.0,462410.0,449575.0,460185.0,468300.0,460985.0,467000.0,494550.0,486540.0,467466.0,440000.0,475000.0,475990.0,430000.0,444639.0,450000.0,475000.0,479900.0,475000.0,493750.0,503317.5,450000.0,459995.0,499990.0,481500.0,442575.5,415190.0,431070.0,471020.0,465000.0,463297.5,454595.0,472182.0,475900.0
394352,96,"Augusta, GA",msa,GA,205000.0,210047.5,219035.0,218000.0,211550.0,236000.0,222382.5,225875.0,239450.0,212289.0,227890.0,224962.5,192722.5,188585.0,205500.0,192000.0,229650.0,221350.0,230195.0,234900.0,227758.5,232265.0,225357.0,208950.0,224225.0,212675.0,240700.0,200400.0,232514.0,227300.0,252700.0,247700.0,248950.0,255900.0,252450.0,255880.0,239855.0,245200.0,253500.0,272500.0,276672.5,285340.0,272687.5,280000.0,279900.0,298430.0,299700.0,302122.0,295400.0,293500.0,306150.0,312200.0,314900.0,325270.0,310500.0,320465.0,327440.0,320525.0,329995.0,314697.5,322500.0,317900.0,318900.0,324900.0,323900.0,315400.0,337300.0,312000.0,301980.0,325000.0,295510.0,309900.0,308570.0,325900.0,319250.0,315185.0,324400.0,323585.0,337400.0,326599.0,308900.0
394957,97,"Palm Bay, FL",msa,FL,264050.0,245445.0,244400.0,263660.0,269937.5,272592.5,259900.0,288000.0,285200.0,287000.0,290840.0,311258.5,269870.5,261000.0,255000.0,251097.5,268000.0,275000.0,294000.0,270000.0,285000.0,261000.0,294900.0,290000.0,272000.0,275820.0,297000.0,274100.0,261500.0,251485.0,281550.0,285000.0,261900.0,275000.0,273576.0,283250.0,270540.0,305829.0,306111.0,292000.0,282500.0,308900.0,288750.0,322000.0,296000.0,318001.0,315000.0,327050.0,312322.5,306105.0,321835.0,335000.0,338442.5,350517.5,357835.0,363385.0,364335.0,363900.0,355040.0,350000.0,345335.0,352100.0,346800.0,350760.0,345000.0,343495.0,350165.0,348885.0,348132.5,358297.5,384332.5,370000.0,372775.0,377900.0,374810.0,379945.0,374945.0,359000.0,369900.0,369940.0,368950.0
394711,98,"Jackson, MS",msa,MS,,,,,,,,,,,,,,,,,,,,,,,,,,,,,,,,,,,,,,,,,,,,,,,,,,,,,,,,,,,,362450.0,369000.0,379950.0,387450.0,383171.0,382950.0,370900.0,332750.0,363500.0,382530.5,367750.0,379750.0,334500.0,357450.0,333800.0,347300.0,352450.0,382500.0,339900.0,326750.0,348000.0,393825.0
394666,99,"Harrisburg, PA",msa,PA,,,,,,,,,,,,,,,,,,,,,,,,,,,319491.5,262195.0,299700.0,285000.0,262000.0,320114.0,294995.0,303490.0,270056.0,286429.0,320000.0,317900.0,325000.0,318990.0,373808.5,331986.0,386030.0,351906.0,355436.0,426952.5,397804.5,383000.0,388600.0,357478.5,472450.0,383200.0,430550.0,448655.0,405735.0,475900.0,360667.5,471385.0,488810.5,412900.0,416090.0,370786.0,440800.0,469990.0,449792.0,462458.0,417272.5,419000.0,430744.0,466452.5,447467.5,477405.0,466398.0,408862.0,394995.0,406250.0,384045.0,390975.0,397700.0,405840.0,412000.0
394460,102,"Chattanooga, TN",msa,TN,261000.0,259900.0,263500.0,287000.0,289500.0,317445.5,298500.0,309037.5,307861.5,315000.0,322154.5,308950.0,269000.0,286950.0,302583.5,322556.0,309367.5,299500.0,317200.0,308000.0,299000.0,298000.0,300700.0,342028.0,365000.0,347450.0,333787.5,309000.0,330413.5,331400.0,359900.0,340000.0,352500.0,340195.0,320202.5,339900.0,314547.5,331000.0,333000.0,380545.0,338900.0,359900.0,379900.0,375000.0,370000.0,389950.0,385512.5,390420.0,371407.5,407581.0,435000.0,413500.0,445000.0,435900.0,435000.0,450000.0,454950.0,454205.0,452057.0,420000.0,406831.5,397350.0,412400.0,425000.0,449900.0,440000.0,407177.5,436651.0,399735.0,424185.0,500000.0,395000.0,459691.5,423550.0,413335.0,475877.0,430000.0,425000.0,397250.0,452264.5,401785.0
394871,103,"Modesto, CA",msa,CA,,,,,,,,,,,,,,,,,,,,,,,,,,,,,,,,,,,,,,,,,,,,,,,,,,,,,,,,,,,,,,,,,,,,,,,,,,,,,,,,528000.0,529500.0
394997,105,"Portland, ME",msa,ME,350000.0,367500.0,349000.0,350000.0,337850.0,345000.0,389000.0,350110.24,388145.5,359450.0,435000.0,382500.0,344950.0,360900.0,380000.0,425000.0,367900.0,395400.0,403970.0,547845.0,395000.0,369950.0,336470.0,427500.0,379900.0,416801.0,399900.0,325000.0,364700.0,378100.0,362400.0,399500.0,419100.0,404761.0,408837.5,449461.095,460347.5,423000.0,471347.5,520950.0,449900.0,509900.0,525474.5,487257.36,503859.0,511800.0,450000.0,450000.0,554750.0,527800.0,516766.7,538700.0,532500.0,505000.0,517825.0,531500.0,617307.5,512575.0,475247.5,485000.0,557000.0,585000.0,575500.0,592763.5,538200.0,597162.94,562500.0,580000.0,552750.0,586000.0,654880.0,599000.0,599000.0,562500.0,672000.0,672000.0,599000.0,767101.0449999999,660000.0,560000.0,635855.5
394590,108,"Fayetteville, AR",msa,AR,214260.0,199950.0,207793.0,211926.0,231900.0,235000.0,256002.5,255630.0,246250.0,236550.0,242812.5,250000.0,205000.0,224000.0,234900.0,264900.0,260000.0,270681.0,240000.0,256300.0,264900.0,253750.0,266912.5,257800.0,249900.0,270000.0,268262.5,278640.0,263000.0,281000.0,262500.0,284900.0,273750.0,268152.5,306275.0,284900.0,283924.5,255000.0,245420.5,254000.0,262325.0,247400.0,287066.5,294650.0,268075.0,275025.0,293325.0,307523.5,320000.0,315000.0,317250.0,346000.0,331540.0,337500.0,343451.0,329655.5,329900.0,354900.0,375475.0,363958.0,399900.0,363710.5,383177.5,348615.0,357175.0,352333.0,333839.0,336990.0,344014.75,350875.0,351587.5,352450.0,355000.0,358900.0,353000.0,352850.0,385000.0,362886.5,407488.5,413930.0,367120.0
394589,109,"Fayetteville, NC",msa,NC,198450.0,214500.0,221000.0,222000.0,240000.0,232500.0,232000.0,239000.0,235000.0,241500.0,243950.0,250000.0,224500.0,244000.0,230000.0,235750.0,245450.0,251350.0,246000.0,252000.0,249450.0,247000.0,249250.0,245000.0,221500.0,244290.0,248494.0,255500.0,256700.0,254250.0,274950.0,255000.0,268300.0,275000.0,265000.0,263948.5,299695.0,277950.0,299000.0,290500.0,287500.0,307500.0,293000.0,322333.5,309288.0,316000.0,323028.0,326000.0,309690.0,338845.0,329796.5,344706.0,362905.0,348500.0,385000.0,380226.5,409900.0,376513.0,391837.5,371210.0,359900.0,385000.0,365000.0,366000.0,377250.0,359950.0,398995.0,344975.0,339952.0,348000.0,347774.5,327244.0,336773.0,350000.0,340000.0,347000.0,355000.0,364715.0,367075.0,354800.0,349950.0
394792,110,"Lexington, KY",msa,KY,,,,,,,,,,,,,,,,,,,,,,,,,,,,,,,,,,,,,,,367844.0,311010.0,329764.0,329378.0,295660.0,301427.0,358138.5,352250.0,359790.0,344500.0,339950.0,359900.0,360735.0,369180.5,405900.0,398786.0,435351.07,403672.0,444807.0,417900.0,369414.5,422900.0,453730.0,393001.5,408750.0,416939.5,447950.0,432450.0,439198.0,429750.0,461947.0,449900.0,444000.0,405047.0,417139.0,406350.0,417388.0,441750.0,404356.0,400683.0,405415.0,396765.0,417709.0
394971,111,"Pensacola, FL",msa,FL,213475.0,235700.0,255000.0,227000.0,240494.0,274750.0,269100.0,240900.0,247400.0,240500.0,267400.0,256400.0,238350.0,236460.0,238840.0,244700.0,264900.0,257000.0,300000.0,270150.0,260900.0,274900.0,270200.0,284900.0,255900.0,272000.0,249900.0,237850.0,269950.0,267500.0,285400.0,277800.0,294547.5,275200.0,273700.0,268950.0,251865.0,262612.5,267100.0,285900.0,275500.0,304900.0,308900.0,320950.0,328900.0,330500.0,324950.0,347900.0,349900.0,343900.0,337400.0,324750.0,332500.0,359377.5,352175.0,350877.5,321700.0,353897.5,355885.0,360000.0,322545.0,369137.5,342525.0,337435.0,353180.0,344900.0,327900.0,333000.0,316637.5,323900.0,340620.0,344900.0,339900.0,328250.0,334990.0,329900.0,331990.0,328999.0,329900.0,322900.0,310990.0
395019,113,"Reno, NV",msa,NV,405250.0,402000.0,411500.0,420000.0,417500.0,430000.0,443937.0,425172.5,425642.0,439393.0,449972.0,421848.0,455446.5,449775.5,427074.0,434550.5,444460.5,441636.0,430524.0,475106.0,468857.5,446497.5,478778.5,439950.0,446250.0,417807.0,503000.0,493384.0,397447.5,419950.0,447469.0,417497.5,460250.5,473102.5,420478.0,514200.0,525096.0,468742.5,449880.0,445545.0,504983.0,545000.0,578000.0,595000.0,519285.0,,611455.0,570037.0,581206.0,629063.5,611029.0,703615.5,669000.0,605924.0,588020.0,574990.0,653435.0,571175.0,550978.5,522450.0,509970.0,464963.0,499975.0,497425.0,530487.5,560978.0,532000.0,534975.0,511497.5,552734.0,519975.0,526070.0,484495.0,544975.0,516030.0,565000.0,625950.0,557085.0,649997.5,629000.0,649995.0
394698,114,"Huntsville, AL",msa,AL,249540.0,256450.0,244900.0,259050.0,248540.5,254900.0,264785.0,253370.0,241905.0,259900.0,266779.0,258900.0,273901.0,249000.0,257818.0,251545.0,277806.0,263690.0,279900.0,285435.0,238400.0,296815.0,301500.0,258980.0,232726.0,256369.5,295921.5,255067.5,275900.0,287278.5,258000.0,276515.0,271408.5,308898.0,318897.5,309605.0,278000.0,270610.0,278290.0,286670.0,319900.0,308133.5,330000.0,324529.0,315101.0,355709.5,339685.0,338332.0,339900.0,340788.0,349900.0,362450.0,342637.0,356485.0,366350.0,353375.0,355235.0,373375.0,349725.0,344995.0,334550.0,349900.0,342600.0,334310.0,346190.0,344030.0,344915.0,333225.0,329900.0,353900.0,336635.0,319900.0,333115.0,324469.0,324900.0,320950.0,360000.0,333931.5,355900.0,333000.0,313355.0
394995,115,"Port St. Lucie, FL",msa,FL,254800.0,268600.0,258950.0,245000.0,266450.0,266200.0,249000.0,260550.0,264900.0,253350.0,265000.0,247000.0,222506.5,242800.0,240000.0,258495.0,263500.0,250000.0,259500.0,261987.5,262000.0,263700.0,280050.0,261000.0,270850.0,275500.0,273200.0,264900.0,268900.0,269950.0,288150.0,274500.0,283400.0,276750.0,287000.0,280242.5,276232.5,289200.0,312249.0,293000.0,329700.0,329950.0,336150.0,331600.0,335237.5,344195.0,355512.5,353000.0,335420.0,340620.0,355682.5,368470.0,380000.0,393300.0,426700.0,428000.0,419900.0,419900.0,427270.0,418150.0,400590.0,399900.0,402215.0,408500.0,426125.0,399900.0,413290.0,420000.0,414532.5,420000.0,423500.0,447200.0,412032.5,425000.0,409554.0,434950.0,425445.0,427625.0,425582.5,434945.0,420000.0
394898,117,"Myrtle Beach, SC",msa,SC,219000.0,227500.0,231500.0,211261.0,237000.0,230000.0,242035.0,232000.0,242100.0,235763.0,235000.0,233000.0,212000.0,217500.0,243499.5,245000.0,238830.0,250000.0,260000.0,246500.0,255900.0,257000.0,246000.0,265097.5,236900.0,239995.0,240500.0,244557.5,247000.0,257000.0,255000.0,272600.0,256180.0,265420.0,270041.0,261298.0,269730.0,272900.0,268575.0,277562.0,277990.0,287890.0,295364.0,312000.0,323216.0,323767.0,321520.0,334100.0,331320.0,354170.0,343210.0,353070.0,354969.5,359917.5,364990.0,367975.0,361328.0,380490.0,367400.0,371930.0,367150.0,349977.5,350398.0,357990.0,363629.5,365759.0,354805.5,359245.0,355790.5,349742.5,340495.0,354490.0,359400.0,355000.0,356740.0,362990.0,352385.0,356835.0,350000.0,359900.0,343750.0
395116,118,"Springfield, MO",msa,MO,,,,,,,,,,,,,,,,,,,,,,,,,,,237287.5,256000.0,262900.0,250637.5,231910.0,232500.0,230000.0,256410.0,217900.0,198900.0,230000.0,205650.0,252934.0,285000.0,251812.0,253419.0,272000.0,270200.0,280942.5,283700.0,295957.5,305620.0,293980.375,314986.5,296750.0,331000.0,310250.0,318500.0,319900.0,329900.0,311144.0,325000.0,326000.0,302000.0,365000.0,289900.0,275747.5,295800.0,309900.0,359900.0,329000.0,318960.0,305735.0,305000.0,299900.0,299000.0,305900.0,320000.0,283700.0,310000.0,309000.0,316475.0,320995.0,319995.0,310000.0
394746,120,"Killeen, TX",msa,TX,205800.0,218800.0,201795.0,241354.0,226680.0,216500.0,213850.0,230337.5,196900.0,222722.0,214900.0,215850.0,193802.5,199994.5,239480.0,214533.0,236858.0,222900.0,255900.0,241755.0,234016.0,241175.0,243287.5,228200.0,238027.5,234705.0,225811.0,237425.0,233000.0,247365.0,239631.0,267500.0,246175.0,242527.5,268775.0,263700.0,244847.5,264797.5,250145.0,233950.0,297053.0,270665.0,272000.0,276900.0,300950.0,322000.0,325000.0,345000.0,356250.0,359900.0,351500.0,364795.0,360450.0,373940.0,372638.0,365000.0,361000.0,358450.0,323040.5,329900.0,334900.0,335750.0,336072.5,326000.0,324775.0,318192.5,299900.0,322927.5,337500.0,290552.5,301635.0,332900.0,339900.0,299900.0,312560.0,319900.0,321400.0,309000.0,304745.0,324030.0,295185.0
394338,121,"Asheville, NC",msa,NC,273750.0,327000.0,320000.0,295000.0,280000.0,295000.0,342950.0,410000.0,383000.0,328000.0,301750.0,309500.0,288000.0,321500.0,348000.0,320000.0,369000.0,338500.0,352165.0,288000.0,351000.0,365000.0,301000.0,345481.5,292000.0,330500.0,370000.0,290000.0,335732.025,318750.0,325000.0,341687.5,366950.0,342500.0,341000.0,355000.0,362500.0,356000.0,345380.0,395638.0,394425.0,379500.0,352500.0,368290.0,377925.0,391160.0,376945.0,350000.0,358500.0,442398.0,365050.0,360000.0,430000.0,425000.0,420000.0,450000.0,405000.0,457950.0,417945.0,398000.0,407745.0,507145.0,409995.0,448000.0,468000.0,491162.5,460490.0,449000.0,476845.0,475000.0,449890.0,460000.0,470750.0,429900.0,471000.0,470000.0,520000.0,477920.0,449490.0,460989.0,459990.0
394502,129,"Corpus Christi, TX",msa,TX,,,,,,,,,,,,,,,,,,,,,,,,,,,,,,,,,,,,,,,,,,,,,,,,335500.0,409000.0,379995.0,347562.0,348845.0,364500.0,331700.0,347650.0,365400.0,342545.0,330070.0,347329.0,366200.0,299045.0,312170.0,314650.0,323900.0,322550.0,429900.0,354721.5,350000.0,354900.0,400000.0,359900.0,389990.0,379900.0,354990.0,357495.0,425000.0,346921.5,414900.0,323805.0,368595.0,434000.0
394612,132,"Fort Wayne, IN",msa,IN,,,,,,,,,,,,,,,,,,,,,,,,,,,,,,,,,,,,,,,,,,,,,,,,,,,,,,,,,,,,,,335700.0,318950.0,338200.0,417900.0,373812.5,346950.0,358625.0,399077.5,367750.0,403734.0,350000.0,319900.0,372151.0,333900.0,368850.0,396719.0,344124.0,334000.0,383900.0,340075.0
394658,133,"Gulfport, MS",msa,MS,,,,,,,,,,,,,,,,,,,,,,,,,,,195400.0,191772.5,200900.0,199270.0,234000.0,257845.0,229000.0,256900.0,259730.5,262525.0,218400.0,253750.0,253490.0,271300.0,267164.0,272087.5,273400.0,279400.0,282320.0,274900.0,275186.0,284670.0,289900.0,290900.0,284400.0,294900.0,317900.0,345400.0,320000.0,329400.0,310900.0,309990.0,300445.0,310900.0,299900.0,305070.0,299517.5,297380.0,303821.0,301900.0,312992.5,289950.0,291225.0,324450.0,315260.5,300000.0,310862.5,305900.0,298900.0,297900.0,302990.0,304550.0,310132.5,297400.0,315065.0
395051,134,"Salisbury, MD",msa,DE,299655.0,330821.0,353853.0,390635.0,372575.0,375732.0,352324.0,312733.0,314320.5,327043.0,305257.5,330000.0,299995.0,299900.0,332299.0,289990.0,325050.0,323512.5,307910.0,320910.0,292140.0,334900.0,329990.0,272700.0,296450.0,288190.0,310000.0,266469.0,287257.5,314990.0,323520.5,300000.0,313136.0,307270.0,374560.0,299000.0,275000.0,366140.0,355000.0,389062.0,367190.0,396720.0,325000.0,388652.0,447000.0,426000.0,515476.5,500000.0,508817.5,504518.0,422990.0,450890.0,502272.0,548190.0,593011.0,489262.0,567189.5,502990.0,529337.5,562115.0,550000.0,527495.0,512500.0,559995.0,446235.0,514620.0,499990.0,518519.0,487970.0,522495.0,452500.0,477000.0,464260.0,455315.0,432855.0,447070.0,500000.0,489990.0,438995.0,484990.0,489900.0
395070,138,"Savannah, GA",msa,GA,225844.0,215000.0,221950.0,219111.0,232900.0,248965.0,241000.0,220933.0,239900.0,249000.0,229995.0,267769.0,223743.5,237970.0,226475.0,230900.0,222867.5,246559.5,229779.5,257384.0,236500.0,249900.0,254784.0,259991.0,236090.0,240505.0,278000.0,254990.0,227971.0,243990.0,240495.0,269990.0,250000.0,278655.0,273008.0,281096.0,281673.0,259268.0,264729.0,268247.0,265400.0,293430.0,277312.0,277215.0,295741.5,295990.0,303745.0,319269.5,320265.0,344732.5,323930.5,345226.5,334957.0,327990.0,357115.0,362278.0,372990.0,372243.5,377500.0,368190.0,374835.0,379900.0,382861.5,382000.0,373450.0,383000.0,393000.0,382750.0,351990.0,344254.0,382990.0,371275.0,379990.0,384582.5,382990.0,393240.0,376619.5,375995.0,364100.0,369950.0,378490.0
394875,143,"Montgomery, AL",msa,AL,,,,,,,,,,,,,,,,,,,,,,,,,,,,,275700.0,306074.5,264591.0,270627.5,269563.5,276400.0,280056.0,296732.0,289534.5,262291.5,307612.0,324075.5,314100.0,291304.0,314148.0,289512.0,311570.0,300957.5,314900.0,307884.0,286900.0,337120.0,340537.0,329157.0,340334.0,349900.0,342000.0,347486.0,360793.0,357900.0,389730.0,387206.5,389900.0,346175.0,339900.0,364900.0,365930.0,357350.0,349900.0,352703.0,361197.0,343934.0,335900.0,345000.0,375224.0,367500.0,349900.0,376642.0,349900.0,360000.0,334900.0,383823.0,403818.0
395146,145,"Tallahassee, FL",msa,FL,,,,,,,,,,,,,,,,,,,,,,,,,,,,,,,,,,,,,,,280500.0,300950.0,297900.0,317500.0,323200.0,325700.0,330210.0,355850.0,328900.0,345000.0,346500.0,382500.0,368800.0,352450.0,350237.5,364000.0,374950.0,367450.0,387765.0,397050.0,376950.0,374900.0,420450.0,408450.0,391900.0,379900.0,384900.0,320000.0,379900.0,320000.0,338437.5,320360.0,359900.0,373700.0,372000.0,396600.0,310912.5,382900.0,336900.0,360414.0,339341.0,372839.0,316950.0
394901,147,"Naples, FL",msa,FL,699264.5,491000.0,496777.5,435222.0,425000.0,446300.0,429888.5,412780.0,407292.0,386650.0,454000.0,454684.5,410665.0,429000.0,377000.0,418000.0,475000.0,459765.5,414297.0,445000.0,405000.0,392500.0,437900.0,419750.0,483000.0,363000.0,370000.0,382857.5,447000.0,354500.0,460000.0,443495.0,483450.0,429000.0,559650.0,775000.0,394146.0,550000.0,709966.0,562900.0,633675.0,551157.5,675791.0,489965.0,610000.0,529900.0,527000.0,678337.0,675999.0,480000.0,551900.0,702500.0,695000.0,642500.0,695995.0,657248.0,660000.0,653360.0,609650.0,635740.0,664778.0,569998.0,602500.0,625000.0,630000.0,622500.0,575000.0,577685.0,629999.0,659500.0,590000.0,647500.0,575733.0,638500.0,630452.5,707000.0,592988.0,620000.0,622500.0,680000.0,680000.0
394927,149,"Ocala, FL",msa,FL,,,,,,,,,,,,,,,,,,,,,,,,,,,,,,,,,,,,,,,209945.0,227997.5,215990.0,239990.0,232450.0,245495.0,275000.0,254950.0,290000.0,289995.0,273950.0,288000.0,297490.0,288995.0,303200.0,339990.0,315569.5,297720.0,314990.0,309980.0,312000.0,316990.0,313245.0,304225.0,302990.0,310070.0,299900.0,300995.0,289700.0,289400.0,289900.0,295990.0,287950.0,299900.0,284995.0,286448.0,288000.0,289000.0,287000.0,289000.0,285900.0,295000.0,300000.0
394679,150,"Hickory, NC",msa,NC,,,,,,,,,,,,,,,,,,,,,,,,,,,,,,,,,,,,,311851.5,252500.0,230500.0,315912.5,249474.5,245000.0,324677.0,265000.0,315365.0,335000.0,362558.0,318000.0,242500.0,271495.0,253150.0,286000.0,335000.0,304250.0,367700.0,359000.0,330000.0,310000.0,337950.0,310000.0,372290.0,309000.0,356990.0,347990.0,363335.0,331749.5,363019.5,354639.5,351495.0,344000.0,362695.0,279000.0,364660.0,352890.0,329000.0,330500.0,355000.0,352179.0,332000.0,331999.5,364490.0
394602,152,"Fort Collins, CO",msa,CO,402388.5,416687.5,418062.0,414000.0,408000.0,415305.0,401272.5,419950.0,460000.0,434900.0,442000.0,427400.0,441000.0,429437.0,448745.0,429900.0,420018.0,439057.5,519500.0,465000.0,439995.0,469000.0,456807.0,435000.0,453685.0,416079.0,409992.0,456344.0,442684.0,444839.0,415000.0,428463.0,459290.5,446328.0,428562.5,445867.5,475555.0,465000.0,476300.0,449972.5,479025.0,498025.0,488493.0,470000.0,490675.0,527505.0,528118.0,518264.5,553200.0,581873.5,620915.0,600000.0,589742.5,617405.0,638215.0,600000.0,590000.0,585536.0,584775.0,547500.0,560907.5,517937.0,521000.0,520995.0,503835.0,527000.0,525000.0,522500.0,554808.5,508264.5,503000.0,502065.0,534192.0,524900.0,534990.0,528400.0,580000.0,535330.0,516212.5,540521.0,514900.0
394796,154,"Lincoln, NE",msa,NE,,,,,,,,,,,,,,,,,,,,,,,,,,,314950.0,319010.0,273250.0,314958.0,343400.0,318000.0,288965.0,309950.0,352012.0,344900.0,321149.0,299420.5,345284.0,330000.0,379332.5,349900.0,318383.0,329496.5,364000.0,372580.0,379075.0,383914.0,359900.0,366757.5,389900.0,383500.0,415000.0,412000.0,398163.0,393575.0,425000.0,387910.0,402513.0,405585.5,439652.5,390000.0,383793.5,401019.0,449603.0,389999.0,386166.0,372400.0,399900.0,389999.0,423300.0,387607.5,394000.0,426305.0,464950.0,381500.0,409950.0,430735.0,390400.0,409900.0,416650.0
394622,155,"Gainesville, FL",msa,FL,,,,,,,,,,,,,,,,,,,,,,,,,,,,,,,,,,,,,,,244990.0,275926.0,385665.0,277045.0,316200.0,347990.0,325990.0,341250.0,317490.0,335000.0,378710.0,325000.0,335495.0,357689.0,401100.0,424135.0,420301.0,431672.5,400511.0,416500.0,394990.0,446920.0,326990.0,335990.0,422710.0,398152.0,388945.0,399530.0,389000.0,399900.0,408870.0,392795.0,409500.0,401495.0,407990.0,360990.0,380000.0,366990.0,369990.0,383657.5,361990.0,354000.0,374990.0
394488,158,"Columbus, GA",msa,GA,,,,,,,,,,,,,,,,,,,,,,,,,,,,,,,,,,,,,,,,,,,,,,,,,,,,,,,,,,,,,,,,,358350.0,365000.0,394999.0,345300.0,354800.0,394522.5,390750.0,339900.0,364900.0,369200.0,348000.0,353500.0,366450.0,370650.0,401950.0,413950.0,427900.0
395109,160,"Spartanburg, SC",msa,SC,163510.0,173245.0,186900.0,182995.0,181706.0,194175.0,181900.0,186140.0,217445.0,193750.0,195400.0,192936.5,197105.0,180386.5,193990.0,199710.0,194500.0,203923.0,199147.5,206720.0,209979.0,209900.0,197192.5,214900.0,197695.0,207950.0,214200.0,204000.0,224900.0,223700.0,205750.0,217805.0,218211.0,227500.0,228700.0,230416.0,218796.0,202990.0,239312.5,234597.0,226140.0,227890.5,242990.0,235870.0,242990.0,253956.5,250000.0,267245.0,256615.0,277115.0,279695.0,281920.0,289386.5,302000.0,300600.0,305695.0,309990.0,289999.0,315490.0,289999.0,288740.0,288400.0,289990.0,286486.0,300000.0,300000.0,310000.0,285000.0,297665.0,292000.0,289900.0,284900.0,274765.0,281279.5,289500.0,289900.0,289900.0,297699.0,295900.0,294900.0,294000.0
394645,161,"Greeley, CO",msa,CO,355850.0,368186.0,376167.5,361490.0,368137.5,375355.0,368700.0,372704.0,365000.0,378884.0,375000.0,388004.0,393672.5,354312.5,365000.0,382270.5,370488.0,379252.5,380724.5,383690.0,387000.0,404032.5,390860.0,408750.0,442367.5,403621.0,410495.0,418212.5,417000.0,431577.5,420872.0,437975.0,442395.0,408709.0,427000.0,448815.0,446120.0,451010.0,457505.0,473945.0,485260.0,494075.0,475957.5,482900.0,495600.0,515900.0,526190.0,519730.0,549525.0,464496.0,536900.0,506245.5,532657.5,538400.0,538260.0,547000.0,513270.0,514730.0,537015.0,525461.0,523712.5,503000.0,529990.0,530065.0,548900.0,550000.0,516674.0,519850.0,522875.0,523312.5,544990.0,515000.0,499950.0,523100.0,509945.0,508731.0,502000.0,539950.0,540400.0,542970.0,517595.0
394808,162,"Lubbock, TX",msa,TX,,,,,,,,,,,,,,,,,,,,,,,,,,,305000.0,292450.0,286450.0,288253.0,305000.0,271724.5,325500.0,363418.0,307500.0,364969.5,375000.0,313984.5,343000.0,321000.0,359285.0,299900.0,245000.0,349500.0,355000.0,339000.0,318907.0,306277.5,296990.0,316871.0,348950.0,358175.0,335000.0,303111.5,330000.0,356260.0,316000.0,300811.5,302452.0,349950.0,324357.5,279990.0,298100.0,321375.0,310000.0,330000.0,316850.0,349000.0,302945.0,297317.5,274035.0,255000.0,279995.0,285231.0,289000.0,253000.0,271313.5,285000.0,300000.0,279000.0,295990.0
394471,163,"Clarksville, TN",msa,TN,196950.0,215400.0,204900.0,224950.0,225400.0,244362.0,229800.0,230256.0,219900.0,231406.0,222225.0,245400.0,240000.0,239000.0,244950.0,238950.0,267500.0,247825.0,257900.0,254900.0,262200.0,249900.0,275000.0,267500.0,259325.0,266500.0,266450.0,256796.0,269900.0,274000.0,262400.0,256900.0,263700.0,263900.0,275000.0,266750.0,280150.0,260000.0,262400.0,275000.0,288150.0,287700.0,303150.0,299000.0,322500.0,316200.0,339450.0,338900.0,330000.0,341500.0,339900.0,362900.0,360877.5,351750.0,363400.0,359950.0,367900.0,355950.0,386250.0,330000.0,364900.0,377250.0,335000.0,362000.0,357900.0,337900.0,334900.0,349450.0,305900.0,317400.0,365900.0,340750.0,344000.0,368950.0,363138.0,369950.0,315900.0,357900.0,358900.0,358000.0,350000.0
394741,168,"Kennewick, WA",msa,WA,,,,,,,,,,,,,,,,,,,,,,,,,,,,,,,,,,,,,,,401690.0,385647.0,389900.0,379549.0,410000.0,454180.0,455507.0,437091.5,457500.0,562425.0,499900.0,546475.0,527000.0,500000.0,480801.0,497990.0,515251.0,526483.0,600100.0,518000.0,539445.0,542551.0,560500.0,523130.0,549900.0,540000.0,518500.0,514155.0,504850.0,482425.0,464433.5,423500.0,502425.0,495000.0,505900.0,430932.5,494900.0,468425.0,486850.0,430995.0,479315.0,518881.5,515000.0
394660,170,"Hagerstown, MD",msa,MD,,,,,,,,,,,,,,,,,,,,,,,,,,,,,,,,,,,,,281000.0,275000.0,272950.0,281445.0,314990.0,279900.0,313500.0,284950.0,292062.5,325000.0,332537.5,338624.0,330570.0,326892.5,309180.0,325823.5,317706.5,339170.0,392398.0,348720.0,326619.5,361165.0,319990.0,349900.0,312990.0,340495.0,349900.0,315000.0,349995.0,331147.5,353035.0,341872.5,326000.0,341900.0,314900.0,302500.0,307900.0,303900.0,359027.0,349900.0,368872.5,345000.0,291495.0,329849.5,383845.0
395229,174,"Wilmington, NC",msa,NC,293500.0,291500.0,296450.0,306000.0,322250.0,330000.0,340000.0,329000.0,314500.0,304000.0,350000.0,351500.0,345000.0,290000.0,298500.0,340000.0,337062.0,339650.0,330000.0,339500.0,369500.0,338250.0,383394.0,380000.0,303500.0,343250.0,343750.0,365500.0,345250.0,346500.0,335000.0,340189.5,355525.5,349435.0,390067.5,324447.5,314395.5,321704.0,345000.0,357920.0,337495.0,324695.0,318850.0,379500.0,344000.0,331495.0,346995.0,403500.0,383377.33,388590.0,363250.0,389870.0,408750.0,462500.0,394500.0,442500.0,464500.0,470000.0,468250.0,507500.0,409453.0,479750.0,501250.0,487000.0,460000.0,490100.0,493000.0,475000.0,525000.0,505934.0,463500.0,467695.0,409901.0,431000.0,451000.0,466500.0,506500.0,443748.0,546500.0,509090.0,513276.0
753875,176,"Crestview, FL",msa,FL,360500.0,336384.0,385997.0,325000.0,402500.0,416063.0,352750.0,347525.0,355300.0,341604.0,343550.0,309127.5,270950.0,286000.0,322000.0,339900.0,360870.0,350450.0,329000.0,389000.0,322100.0,321150.0,336000.0,350500.0,359000.0,350975.0,371450.0,350000.0,399900.0,452500.0,544000.0,545000.0,486562.0,385125.0,452500.0,381900.0,337900.0,299300.0,350000.0,454867.0,510000.0,455050.0,382500.0,450000.0,394950.0,509000.0,452303.0,434600.0,465000.0,394150.0,450000.0,396658.0,445000.0,479039.0,488947.5,541995.0,439500.0,469000.0,544210.0,466431.0,450000.0,454950.0,429900.0,417500.0,430000.0,405000.0,397575.0,399900.0,425000.0,419900.0,389900.0,381600.0,409500.0,380400.0,370900.0,378243.5,398555.0,378986.0,400135.0,399850.0,373525.0
394412,181,"Bremerton, WA",msa,WA,,,,,,,,,,,,,,,,,,,,,,,,,,,,,,424730.0,490641.0,481888.0,442975.0,479950.0,456694.0,453900.0,508052.5,501475.0,528942.0,512800.0,557558.85,499950.0,525000.0,532425.0,506700.0,521000.0,599950.0,514900.0,561900.0,610892.5,596839.0,610908.5,605950.0,651334.5,640099.0,588215.0,584150.0,585000.0,554975.0,559950.0,587691.0,526373.0,539995.0,599900.0,564947.5,555347.5,599950.0,599990.0,584990.0,617400.0,594970.0,601790.0,566995.0,590000.0,584995.0,572335.0,624990.0,619990.0,510585.0,563995.0,562492.5
394585,194,"Fargo, ND",msa,ND,,,,,,,,,,,,,,,,,,,,,,,,,,,,,,,,,,,,,,,,,,,,,,,,,,,,,,,,,,,,,,,,,,,,,,,,,,,366500.0,338075.0,366295.0,361869.5,332486.0,342325.0,354274.0
845160,198,"Prescott Valley, AZ",msa,AZ,,,,,,,,,,,,,,,,,,,,,,,,,,,,,,,,,,,,,,,,,,,,,,,,,,,,,,,,573589.0,580465.0,670446.0,774500.0,745300.5,624759.0,548000.0,608494.5,605386.0,691360.0,501519.0,544000.0,714000.0,523454.0,565917.0,561750.5,605000.0,655021.5,564834.0,682000.0,800000.0,543504.5,665000.0,625575.0,684250.0,687495.0
394519,203,"Daphne, AL",msa,AL,,,,,,,,,,,,,,,,,,,,,304975.0,313750.0,326250.0,359500.0,281182.5,319400.0,262830.0,232725.0,234807.5,249325.0,269000.0,315400.0,272350.0,316724.0,259000.0,321648.0,262441.0,264200.0,257150.0,271243.0,267905.0,262142.0,289030.0,280700.0,279127.0,302005.0,306180.0,320896.5,308380.0,311853.5,317243.5,314845.0,325880.0,332805.0,359012.5,365585.0,353675.0,353446.0,367755.0,381362.0,362737.5,368483.5,359900.0,389345.0,390000.0,378461.0,351695.5,349990.0,347097.5,372136.0,355034.5,378762.0,371840.0,390322.0,344300.0,355354.0,379900.0,355800.0,353000.0,342391.5,356668.0
394459,212,"Charlottesville, VA",msa,VA,,,,,,,,,,,,,,,,,,,,,,,,,,,,,,,,,,,,,,,449866.0,419900.0,394062.0,399667.5,449900.0,429900.0,449000.0,434000.0,462938.5,433097.0,472118.0,535233.5,426840.0,503520.0,468808.5,470735.0,472402.5,480319.5,474297.5,463965.0,412798.0,449995.0,460000.0,455649.0,458740.0,460225.0,509990.0,479575.0,494292.0,555589.5,519465.0,449490.0,547100.0,519282.0,522000.0,504810.0,542000.0,462950.0,507316.0,535412.0,516882.5,565000.0,475010.0
394681,216,"Hilton Head Island, SC",msa,SC,305032.5,310320.0,284755.0,336995.0,290915.0,316745.0,348450.0,296459.5,292750.0,327300.0,357995.0,293000.0,269395.0,320000.0,268745.0,309990.0,328163.5,401665.0,334945.0,322000.0,345000.0,415370.0,338080.0,372457.5,410000.0,352500.0,359500.0,360790.0,371025.5,381239.0,334000.0,334900.5,325000.0,324900.0,371815.0,384608.5,375545.0,429470.0,368500.0,371797.5,316269.5,383318.0,379495.0,353434.0,359900.0,431441.5,419605.0,388890.0,445000.0,396810.0,443047.5,440611.5,437410.0,475275.0,461310.0,424465.0,399715.0,450890.0,424000.0,444867.0,413830.0,465115.0,451761.5,504075.0,471320.0,470440.0,422823.0,508932.5,476055.0,482493.5,500415.0,507945.0,491758.0,499920.0,496500.0,433010.0,505445.0,432302.5,480115.0,512120.0,496900.0
394765,218,"Lake Havasu City, AZ",msa,AZ,188000.0,116625.0,214900.0,245400.0,235000.0,290000.0,275000.0,339900.0,267000.0,261997.0,315864.0,320000.0,326471.0,234900.0,239900.0,292440.0,295000.0,248250.0,354000.0,277555.0,309836.0,279000.0,298053.0,277388.0,252595.0,239470.5,333545.0,279752.0,301000.0,298300.0,334850.0,217870.0,284900.0,254000.0,278400.0,285375.0,280000.0,306630.0,295825.0,263000.0,279000.0,279750.0,269822.0,298113.5,311395.5,319145.0,324200.0,303000.0,284900.0,332500.0,354333.0,319900.0,358500.0,348289.0,341000.0,347400.0,318990.0,346398.0,329000.0,266400.0,276000.0,268744.0,273990.0,332900.0,313100.0,319500.0,373345.0,313547.5,316600.0,339900.0,311995.0,286990.0,346100.0,322750.0,274037.5,332000.0,292500.0,292990.0,299900.0,288445.0,293990.0
394726,224,"Johnson City, TN",msa,TN,,,,,,,,,,,,,,,,,,,,,,,,,,,,,,,,,,,,,,,,,,,,,,,,,,,,,,,,,,,,,,,,,,,,,,,,,,389800.0,370000.0,410950.0,430900.0,334000.0,390000.0,384000.0,382017.5
394623,226,"Gainesville, GA",msa,GA,206445.0,236615.5,264736.5,279900.0,254900.0,239900.0,264850.0,239900.0,282234.5,239900.0,256950.0,259576.5,281025.0,283086.5,245500.0,259683.0,298900.0,299000.0,308800.0,278845.0,255400.0,286950.0,284490.0,290000.0,314000.0,291715.0,289195.0,285724.0,276884.5,304485.0,301900.0,299431.0,295485.0,316481.0,326825.0,318826.0,353343.5,297825.0,324240.5,316850.0,357550.0,341935.0,349900.0,359900.0,350000.0,345950.0,376995.0,385560.0,438020.0,429500.0,463605.5,407900.0,488564.0,550230.0,495961.0,544667.0,388990.0,416115.0,424531.0,390510.0,413800.0,419900.0,446917.5,459875.0,489011.0,456365.0,415000.0,437313.0,386985.0,415168.5,437500.0,437146.0,450000.0,450808.0,476983.5,495000.0,486704.0,548112.5,541906.0,504354.0,479450.0
394716,227,"Jacksonville, NC",msa,NC,179000.0,191000.0,200000.0,196750.0,203750.0,205000.0,197400.0,214000.0,239500.0,200000.0,202000.0,208000.0,200000.0,196000.0,202500.0,208000.0,201500.0,220000.0,205000.0,209250.0,199000.0,195000.0,220250.0,219000.0,212000.0,206000.0,213000.0,202250.0,225000.0,220000.0,223500.0,230000.0,230990.0,210500.0,226000.0,283500.0,228500.0,212000.0,259495.0,250970.0,278250.0,262000.0,273000.0,269900.0,261500.0,307500.0,260000.0,266000.0,282500.0,251500.0,276000.0,251865.0,285000.0,300450.0,318000.0,300950.0,299995.0,299000.0,318500.0,330000.0,304990.0,317500.0,335000.0,305000.0,322000.0,329900.0,365000.0,337950.0,344500.0,338000.0,347000.0,338000.0,342000.0,377000.0,339750.0,352750.0,359000.0,350500.0,341950.0,316950.0,336733.0
394380,232,"Bend, OR",msa,OR,356386.0,347450.0,349900.0,383900.0,395900.0,390447.5,416900.0,405135.0,372500.0,392400.0,380200.0,400000.0,360160.0,422450.0,406405.0,412400.0,433320.0,407490.0,419900.0,430666.0,439900.0,422423.5,382445.0,439990.0,416025.5,408672.5,445945.0,396411.0,417995.0,404289.0,459090.0,529077.5,414900.0,435349.0,570200.0,430654.0,395932.5,389900.0,448863.0,445000.0,462345.0,457735.0,444945.0,533350.0,485000.0,534427.0,484900.0,550815.5,537117.76,601807.5,649958.0,552100.0,562540.0,576072.0,541700.0,661995.0,654480.0,622445.0,636145.0,655712.5,689900.0,569995.0,566995.0,615043.0,599160.0,594500.0,594137.0,640510.0,586550.5,644015.0,680401.0,754950.0,629402.5,605400.0,655948.5,641900.0,649900.0,669900.0,663069.0,623091.5,638450.0
395202,234,"Warner Robins, GA",msa,GA,,,,,,,,,,,,,,,,,,,,,,,,,,267235.0,227000.0,267400.0,227602.5,221000.0,270900.0,280000.0,248432.5,246950.0,256200.0,279715.0,293230.0,282500.0,241519.0,286786.0,259900.0,268250.0,293400.0,270650.5,255870.0,259905.0,262826.0,267622.0,285900.0,285200.0,288150.0,290890.0,282722.0,327400.0,330200.0,364900.0,289617.5,298700.0,300748.0,328850.0,306405.0,323068.0,288617.5,292900.0,319600.0,304600.0,292500.0,294400.0,297192.0,297900.0,302750.5,289000.0,293885.0,296480.0,308400.0,313900.0,299250.0,290500.5,321745.5,301500.0,329990.0
395009,237,"Punta Gorda, FL",msa,FL,220350.0,238000.0,230950.0,225000.0,246400.0,217300.0,258000.0,225400.0,222350.0,239500.0,262650.0,238600.0,214000.0,234700.0,243550.0,231900.0,232000.0,222307.5,232000.0,229485.0,251750.0,250700.0,274300.0,248400.0,241100.0,232047.5,257055.0,245000.0,229900.0,229950.0,240000.0,259773.0,238000.0,273775.0,255000.0,265000.0,264772.0,297856.0,271313.5,270000.0,254625.0,289900.0,303000.0,300000.0,325000.0,317000.0,348850.0,367000.0,355000.0,357300.0,352400.0,359900.0,364950.0,359900.0,373072.5,389000.0,375000.0,389900.0,424398.0,388000.0,365090.0,365650.0,360650.0,370500.0,373164.5,375000.0,375286.0,387049.0,374600.0,385000.0,381000.0,360000.0,344999.0,367990.0,370150.0,360000.0,336000.0,346250.0,353682.5,350499.5,339400.0
394960,242,"Panama City, FL",msa,FL,,,,,,,,,,,,,,,,,,,,,,,,,322025.0,298000.0,284900.0,277888.5,269900.0,273375.0,276950.0,259137.5,274400.0,304900.0,286200.0,317450.0,256109.0,274500.0,284908.0,322000.0,334000.0,329950.0,357300.0,373400.0,339950.0,335455.0,349000.0,344987.5,341800.0,344000.0,346725.0,356650.0,358050.0,380651.0,359175.0,379938.5,432552.0,398988.5,394750.0,399900.0,400000.0,344900.0,429900.0,415087.5,390000.0,360900.0,385000.0,399900.0,386700.0,377450.0,410535.0,342900.0,342900.0,367351.0,329900.0,363398.0,336900.0,345000.0,378712.0,323275.0,328012.5
394351,253,"Auburn, AL",msa,AL,,,,,,,,,,,,,,,,,,,,,,,,,,,,,,,,,,,,,,,288300.0,299900.0,309655.5,338600.5,294350.0,327930.0,330940.0,338054.0,300094.0,340000.0,287009.0,316177.0,313735.0,313642.5,355482.0,325000.0,322805.0,350745.0,348000.0,353585.5,403370.0,371063.0,385747.0,375950.0,340185.0,361950.0,360749.5,414900.0,332266.0,368170.0,356950.0,389900.0,386877.0,392597.0,375767.0,410979.0,352699.0,392900.0,401570.0,429900.0,394900.0,400516.5,399900.0
394651,259,"Greenville, NC",msa,NC,,,,,,,,,,,,,,,,,,,,,,,,,,,,,,,,,,,,,,,,,,,,,,,,,,,,,313750.0,348545.0,338000.0,352000.0,330657.5,334432.5,330000.0,324965.0,322000.0,304490.0,297925.0,334000.0,349057.5,329600.0,339600.0,337500.0,308115.0,341300.0,304065.0,315469.5,280615.0,308900.0,304670.0,282000.0,306775.0,289900.0,293815.0,301917.5,320175.0
394428,260,"Burlington, NC",msa,NC,,,,,,,,,,,,,,,,,,,,,,,,,,,,,,,,,,,,,,,,,,,,,,,,,,,,,,,,,,,,,,,361440.0,350070.0,358002.5,354990.0,319949.0,348575.0,357581.0,354550.0,360000.0,367500.0,367900.0,359460.0,357000.0,360000.0,342000.0,351730.0,337344.5,372940.0,389220.0
395079,274,"Sebastian, FL",msa,FL,,,,,,,,,,,,,,,,,,,,,,,,,,,,,,,,,,,,,,,,,,,,,,,,,,,,,,,,,,,,,,,,,,,,,,,,,,533063.0,381000.0,381500.0,533095.0,483420.0,454500.0,484000.0,448950.0
394685,289,"Homosassa Springs, FL",msa,FL,,,,,,,,,,,,,,,,,,,,,,,,,,,,,,,,,,,,,184900.0,190000.0,199900.0,204900.0,219950.0,224900.0,234600.0,278181.0,244400.0,230000.0,237500.0,229900.0,235495.0,245950.0,250990.0,269950.0,259900.0,269900.0,274000.0,275000.0,277000.0,278000.0,271310.0,287000.0,280000.0,267500.0,269900.0,287300.0,270000.0,269945.0,270000.0,285000.0,282989.0,294900.0,274900.0,294990.0,287500.0,282990.0,264000.0,279950.0,279450.0,270000.0,273450.0,278500.0,284750.0
395094,319,"Sherman, TX",msa,TX,,,,,,,,,,,,,,,,,,,,,,,,,,,,,,,,,,,,,,,,,,,,,,,,,,323265.0,402887.0,344500.0,361452.0,399999.0,406475.0,378093.5,413918.0,468802.0,373500.0,353640.0,352790.0,331375.0,348990.0,333251.5,345352.0,439000.0,374195.0,386775.0,373382.5,341867.5,399000.0,340990.0,380000.0,364490.0,352565.0,402000.0,413000.0,416500.0,384500.0,449000.0,410690.0
394905,341,"New Bern, NC",msa,NC,,,,,,,,,,,,,,,,,,,,,,,,,,,,,,,,,,,,,,,,,,247000.0,243500.0,253750.0,276900.0,293573.0,294126.0,299245.0,309745.0,290782.5,315000.0,296540.0,299500.0,319000.0,313750.0,327770.0,312500.0,305000.0,312500.0,324750.0,335750.0,344490.0,336490.0,325000.0,321000.0,333745.0,356000.0,344000.0,339000.0,348500.0,326500.0,325000.0,304250.0,294000.0,339000.0,321500.0,342500.0,341000.0,328500.0,361000.0,331389.5
394635,350,"Goldsboro, NC",msa,NC,,,,,,,,,,,,,,,,,,,,,,,,,,,,,,,,,,,,,,,,,,,,,,,,,,,,,,,,,,,,,,,,,,,,,,,,298450.0,295807.5,271950.0,295907.5,292900.0,271990.0,294950.0,311420.0,290450.0,317490.0
753912,398,"Pinehurst, NC",msa,NC,,,,,,,,,,,,,,,,,,,,,,,,,,,,,,,,,,,,,,,,,,,,,,,447289.5,445375.0,338500.0,435000.0,384750.0,435000.0,368000.0,459800.0,417250.0,467700.0,453000.0,427475.0,434475.0,375000.0,382845.0,400000.0,442000.0,416000.0,416100.0,419125.0,433750.0,449000.0,373750.0,435000.0,369000.0,431825.0,356500.0,400000.0,459180.0,415000.0,434750.0,384950.0,402740.0,415550.0,423520.0
395086,402,"Sevierville, TN",msa,TN,,,,,,,,,,,,,,,,,,,,,,,,,,,,,,,,,,,,,,,,,,,,,,,,,,,,,,,,,,,,,,,,,,,,,,,,,,,908500.0,825000.0,515000.0,660000.0,480291.0,464950.0,662000.0
394682,449,"Hinesville, GA",msa,GA,,,,,,,,,,,,,,,,,,,,,,,,,,,,,,,,,,,,,,,203500.0,211170.0,217430.0,215100.0,236492.5,257300.0,248375.0,268000.0,252400.0,259200.0,239925.0,259950.0,278000.0,279115.0,268795.0,309945.0,277925.0,288100.5,290155.0,278000.0,290822.5,257575.0,270700.0,251500.0,257000.0,265100.0,266150.0,268897.5,276100.0,279837.5,268300.0,269900.0,271820.0,271742.5,284187.5,284475.0,288575.0,264250.0,260000.0,297800.0,289700.0,277925.0,297925.0
394674,467,"Heber, UT",msa,UT,,,,,,,,,,,,,,,,,,,,,,,,,,,,,,,,1002423.0,1793500.0,1214500.0,1250000.0,1230000.0,726900.0,773841.0,998345.75,1042553.5,789900.0,1011160.0,969000.0,794900.0,796385.0,1695564.0,1372297.0,1375000.0,1325000.0,1295000.0,1525000.0,1049485.5,1590000.0,1496070.5,1372563.0,1220000.0,1296982.0,1222358.5,1512000.0,1578105.0,1476468.0,1300000.0,1171372.5,1275000.0,1050000.0,1444589.0,1687471.0,1220000.0,1782500.0,1644914.0,1200000.0,1300000.0,1376149.0,1005790.0,1310614.5,1199949.5,1150000.0,1645135.0,1498000.0,1342250.0,1431046.5
753893,477,"Jefferson, GA",msa,GA,215000.0,217500.0,234630.0,225065.0,239900.0,213320.0,208400.0,198900.0,255087.0,236340.0,214900.0,248450.0,248637.0,233995.0,281900.0,277225.0,279900.0,259000.0,258000.0,247000.0,281545.5,264017.5,273245.0,258000.0,266700.0,276900.0,268701.0,271000.0,290347.0,277000.0,299950.0,298400.0,282900.0,300000.0,305125.5,313150.0,307512.5,306280.0,299950.0,308025.0,275725.0,270990.0,281445.0,309900.0,306450.0,304195.0,360000.0,397450.0,399450.0,439900.0,367995.0,375120.0,392500.0,424000.0,409495.0,413900.0,496000.0,442767.5,410653.5,407067.5,387400.0,388700.0,404900.0,427957.0,402900.0,409900.0,413565.0,425000.0,432349.0,430000.0,423319.0,415376.0,395950.0,441045.0,449579.0,465606.0,415695.5,440620.0,457192.0,492495.0,470490.0
395063,522,"Sanford, NC",msa,NC,,,,,,,,,,,,,,,,,,,,,,,,,,,,,,,,,,,,,,,,,,,,,,,,,,,,,,,,,,,,,,,,,,,,,,,,333250.0,306750.0,324000.0,338000.0,327000.0,331495.0,332990.0,337490.0,329000.0,365000.0
